run	branch	state_path	config_path	full_artifact_sha256	records	last_update_mode	stored_status	stored_accepted	stored_period	revised_status	revised_accepted	revision_reason	field_abs_tol	field_rel_tol	raw_abs_residual	raw_rel_residual	residual_cosine	slow_mode_lambda	extrapolation_factor	extrapolated_abs_residual	extrapolated_rel_residual	extrapolated_gate_pass	period2_oscillation_cosine_max	period2_two_step_ratio_max	period2_oscillation_pass
20260824_phase1_gpu_v3_float64_history	cdw	C:\Users\Kevin\Documents\VS Code\MPS-MFT\ladder_mps_mft\output\phase1_gpu\20260824_phase1_gpu_v3_float64_history\stateless_results\frustrated__cdw_s1\cubic_frustrated__cdw__float64_recovery__from_20260823_phase1_gpu_v2__cdw_s1\20260824T232845_369685_a1e2dc4ccbe2\state.h5	C:\Users\Kevin\Documents\VS Code\MPS-MFT\ladder_mps_mft\output\phase1_gpu\20260824_phase1_gpu_v3_float64_history\configs\frustrated__cdw_s1.segment-001.toml	43323c002ff591addb8f4d797822587abd258d1b2b3f0c83c7671eb5d81fe886	34	unmixed_probe	fixed_point	true	1	fixed_point	true	unchanged	9.9999999999999995e-07	0.0050000000000000001	4.1976012040874366e-06	2.8238138733156846e-05	-0.79489755446999322	-1.0872116276056849	1	4.1976012040874366e-06	2.8238138733156846e-05	true	-0.42608880481421346	5.6974906979362325	false
20260824_phase1_gpu_v3_float64_history	sc	C:\Users\Kevin\Documents\VS Code\MPS-MFT\ladder_mps_mft\output\phase1_gpu\20260824_phase1_gpu_v3_float64_history\stateless_results\frustrated__pairing_s1\cubic_frustrated__sc__float64_recovery__from_20260823_phase1_gpu_v2__pairing_s1\20260824T224421_359610_a1e2dc4ccbe2\state.h5	C:\Users\Kevin\Documents\VS Code\MPS-MFT\ladder_mps_mft\output\phase1_gpu\20260824_phase1_gpu_v3_float64_history\configs\frustrated__pairing_s1.segment-001.toml	0f822184df32b965c2984326b595f36a1849897f2f436a2c867d29dec2fde3e3	33	anderson	fixed_point	true	1	fixed_point	true	unchanged	9.9999999999999995e-07	0.0050000000000000001	2.5884014568490835e-06	1.4293485832015023e-05	0.45109867517294511	0.19642206313432847	1	2.5884014568490835e-06	1.4293485832015023e-05	true	0.95188096866697891	7.7856226478587551	false
20260824_phase1_gpu_v3_float64_history	sdw	C:\Users\Kevin\Documents\VS Code\MPS-MFT\ladder_mps_mft\output\phase1_gpu\20260824_phase1_gpu_v3_float64_history\stateless_results\frustrated__sdw_s1\cubic_frustrated__sdw__float64_recovery__from_20260823_phase1_gpu_v2__sdw_s1\20260824T224416_359612_a1e2dc4ccbe2\state.h5	C:\Users\Kevin\Documents\VS Code\MPS-MFT\ladder_mps_mft\output\phase1_gpu\20260824_phase1_gpu_v3_float64_history\configs\frustrated__sdw_s1.segment-001.toml	47c029403240efa172f0e36929b2f10316f31ffca9518f192d8831c2b1c89f42	32	anderson	fixed_point	true	1	fixed_point	true	unchanged	9.9999999999999995e-07	0.0050000000000000001	1.000936985460707e-06	7.284770872858691e-06	0.10333438924556582	0.051484564286453406	1	1.000936985460707e-06	7.284770872858691e-06	true	-0.41362129817587839	3.5645740921882112	false
20260824_phase1_gpu_v3_float64_history	cdw	C:\Users\Kevin\Documents\VS Code\MPS-MFT\ladder_mps_mft\output\phase1_gpu\20260824_phase1_gpu_v3_float64_history\stateless_results\square__cdw_s1\square__cdw__float64_recovery__from_20260823_phase1_gpu_v2__cdw_s1\20260824T230306_2007222_984cc80a2de4\state.h5	C:\Users\Kevin\Documents\VS Code\MPS-MFT\ladder_mps_mft\output\phase1_gpu\20260824_phase1_gpu_v3_float64_history\configs\square__cdw_s1.segment-001.toml	c16b95265e582fd2a581ec5f10b196dff2696fe148ac9b69b18dd8f561d4ec79	6	unmixed_probe	fixed_point	true	1	fixed_point_candidate_slow_mode	false	stored fixed point fails extrapolated residual gate	9.9999999999999995e-07	0.0050000000000000001	4.8529136133290251e-05	0.00066252229420337837	0.99889741004814681	0.9523704302273488	20.995360755372555	0.0010188867202650144	0.013909894575277	false	0.99889741004814681	2.0873757464010478	false
20260824_phase1_gpu_v3_float64_history	sc	C:\Users\Kevin\Documents\VS Code\MPS-MFT\ladder_mps_mft\output\phase1_gpu\20260824_phase1_gpu_v3_float64_history\stateless_results\square__pairing_s1\square__sc__float64_recovery__from_20260823_phase1_gpu_v2__pairing_s1\20260824T225005_362002_984cc80a2de4\state.h5	C:\Users\Kevin\Documents\VS Code\MPS-MFT\ladder_mps_mft\output\phase1_gpu\20260824_phase1_gpu_v3_float64_history\configs\square__pairing_s1.segment-001.toml	52b2347fd4d51be2c4108d20d44e328b8277ac0cb2f1897ae132ca104a1f8249	6	unmixed_probe	fixed_point	true	1	fixed_point_candidate_slow_mode	false	stored fixed point fails extrapolated residual gate	9.9999999999999995e-07	0.0050000000000000001	4.7455766406704226e-05	0.00050738343854406438	0.99940051886043091	0.95879896944954934	24.271237554980576	0.0011518101798107853	0.012314823968365874	false	0.99940051886043091	2.0899994076762831	false
20260824_phase1_gpu_v3_float64_history	sdw	C:\Users\Kevin\Documents\VS Code\MPS-MFT\ladder_mps_mft\output\phase1_gpu\20260824_phase1_gpu_v3_float64_history\stateless_results\square__sdw_s1\square__sdw__float64_recovery__from_20260823_phase1_gpu_v2__sdw_s1\20260824T225220_2004751_984cc80a2de4\state.h5	C:\Users\Kevin\Documents\VS Code\MPS-MFT\ladder_mps_mft\output\phase1_gpu\20260824_phase1_gpu_v3_float64_history\configs\square__sdw_s1.segment-001.toml	e75b170f8e1400401c0551dbe9b7aeba4c72ea7bdb99e2011078478e3a45775e	22	linear	fixed_point	true	1	fixed_point_candidate_slow_mode	false	stored fixed point fails extrapolated residual gate	9.9999999999999995e-07	0.0050000000000000001	0.0002964474783977031	0.0036098658851322109	0.99997793506785104	0.99817024773105589	546.52207130589807	0.16201508992732316	1.9728713806789551	false	0.99993855515438623	5.0277684398633609	false
20260824_phase1_gpu_v3_float64_history	cdw	C:\Users\Kevin\Documents\VS Code\MPS-MFT\ladder_mps_mft\output\phase1_gpu\20260824_phase1_gpu_v3_float64_history\stateless_results\unfrustrated__cdw_s1\cubic_unfrustrated__cdw__float64_recovery__from_20260823_phase1_gpu_v2__cdw_s1\20260824T224742_2001484_013e4e92dfc6\state.h5	C:\Users\Kevin\Documents\VS Code\MPS-MFT\ladder_mps_mft\output\phase1_gpu\20260824_phase1_gpu_v3_float64_history\configs\unfrustrated__cdw_s1.segment-001.toml	0d3421dcef660b3042eaa1106ce64d659c1be278a0c8d56a0356db819ea64a65	4	unmixed_probe	fixed_point	true	1	fixed_point_candidate_slow_mode	false	stored fixed point fails extrapolated residual gate	9.9999999999999995e-07	0.0050000000000000001	0.00049571992152971922	0.001086814868338659	0.99968433029583925	0.98555589106134123	69.232377313602314	0.034319868649214852	0.07524277703485506	false	0.99968433029583925	2.0141765384044068	false
20260824_phase1_gpu_v3_float64_history	sc	C:\Users\Kevin\Documents\VS Code\MPS-MFT\ladder_mps_mft\output\phase1_gpu\20260824_phase1_gpu_v3_float64_history\stateless_results\unfrustrated__pairing_s1\cubic_unfrustrated__sc__float64_recovery__from_20260823_phase1_gpu_v2__pairing_s1\20260824T224642_2225057_013e4e92dfc6\state.h5	C:\Users\Kevin\Documents\VS Code\MPS-MFT\ladder_mps_mft\output\phase1_gpu\20260824_phase1_gpu_v3_float64_history\configs\unfrustrated__pairing_s1.segment-001.toml	ed6381ea7c3e2e654e1600566c827729d1bde894fa4f9a708543dc6627ac6df4	49	unmixed_probe	periodic_candidate	false	2	iterating_monotone_drift	false	stored period-two class fails oscillation criterion	9.9999999999999995e-07	0.0050000000000000001	0.00031118053838145171	0.00061414544340960935	0.9998303639201026	1.0043724326812662	Inf	Inf	Inf	false	0.99993103888527779	1.9965748090419897	false
20260824_phase1_gpu_v3_float64_history	sdw	C:\Users\Kevin\Documents\VS Code\MPS-MFT\ladder_mps_mft\output\phase1_gpu\20260824_phase1_gpu_v3_float64_history\stateless_results\unfrustrated__sdw_s1\cubic_unfrustrated__sdw__float64_recovery__from_20260823_phase1_gpu_v2__sdw_s1\20260824T233216_248959_013e4e92dfc6\state.h5	C:\Users\Kevin\Documents\VS Code\MPS-MFT\ladder_mps_mft\output\phase1_gpu\20260824_phase1_gpu_v3_float64_history\configs\unfrustrated__sdw_s1.segment-001.toml	28d58d186c046d383b3ec3a4be410b2862d34536aa762cec953e345f8ff47501	4	unmixed_probe	fixed_point	true	1	fixed_point_candidate_slow_mode	false	stored fixed point fails extrapolated residual gate	9.9999999999999995e-07	0.0050000000000000001	0.00030241546655730353	0.0008233119223438793	0.99990237609468513	0.99230334587718216	129.92658680547387	0.039291809366975378	0.1069701079463936	false	0.99990237609468513	2.0078761077645768	false
20260826_phase1_unfrustrated_pairing_recurrence_chi400	sc	C:\Users\Kevin\Documents\VS Code\MPS-MFT\ladder_mps_mft\output\phase1_gpu\20260826_phase1_unfrustrated_pairing_recurrence_chi400\results\unfrustrated__pairing_s1_phase001_chi400\cubic_unfrustrated__sc__orbit_phase_parent__from_20260824_phase1_gpu_v3_float64_history_phase001__pairing_s1_phase001\20260826T192032_584816_013e4e92dfc6\state.h5	C:\Users\Kevin\Documents\VS Code\MPS-MFT\ladder_mps_mft\output\phase1_gpu\20260826_phase1_unfrustrated_pairing_recurrence_chi400\configs\unfrustrated__pairing_s1_phase001_chi400.segment-001.toml	b03fd467c1d9da72019a2963e1b5cb12a29f5e74ce0493ff3bf9fd6a6b8727ad	21	unmixed_probe	periodic_candidate	false	2	iterating_monotone_drift	false	stored period-two class fails oscillation criterion	9.9999999999999995e-07	0.0050000000000000001	0.00047540741661016364	0.00095845938892485417	0.99983803043434627	1.0268817338812797	Inf	Inf	Inf	false	0.99985246121578431	1.9834954366342037	false
20260826_phase1_unfrustrated_pairing_recurrence_chi400	sc	C:\Users\Kevin\Documents\VS Code\MPS-MFT\ladder_mps_mft\output\phase1_gpu\20260826_phase1_unfrustrated_pairing_recurrence_chi400\results\unfrustrated__pairing_s1_phase002_chi400\cubic_unfrustrated__sc__orbit_phase_parent__from_20260824_phase1_gpu_v3_float64_history_phase002__pairing_s1_phase002\20260826T192032_584954_013e4e92dfc6\state.h5	C:\Users\Kevin\Documents\VS Code\MPS-MFT\ladder_mps_mft\output\phase1_gpu\20260826_phase1_unfrustrated_pairing_recurrence_chi400\configs\unfrustrated__pairing_s1_phase002_chi400.segment-001.toml	a06e5d5dfa4c0eaf10f74546e0d029096e04b25bba709c963696e478f7167848	21	unmixed_probe	periodic_candidate	false	2	iterating_monotone_drift	false	stored period-two class fails oscillation criterion	9.9999999999999995e-07	0.0050000000000000001	0.00048252875435760012	0.00097808906065581991	0.99984058278053989	1.0284151547286009	Inf	Inf	Inf	false	0.99985501309382385	1.9812502908336411	false
20260826_phase1_unfrustrated_pairing_recurrence_chi400	sc	C:\Users\Kevin\Documents\VS Code\MPS-MFT\ladder_mps_mft\output\phase1_gpu\20260826_phase1_unfrustrated_pairing_recurrence_chi400\results\unfrustrated__pairing_s2_chi400\cubic_unfrustrated__sc__independent_seed__none__pairing_s2\20260826T204213_517615_013e4e92dfc6\state.h5	C:\Users\Kevin\Documents\VS Code\MPS-MFT\ladder_mps_mft\output\phase1_gpu\20260826_phase1_unfrustrated_pairing_recurrence_chi400\configs\unfrustrated__pairing_s2_chi400.segment-002.toml	db7b6b6df0286ef93706b8dd72fda7fd68b147fe634c54b09684d7c16229775e	9	unmixed_probe	time_limit	false	0	time_limit	false	unchanged	9.9999999999999995e-07	0.0050000000000000001	0.066592670864891138	0.39227341501418966	0.98630350536430633	3.6885896407010081	Inf	Inf	Inf	false	0.99485205311970593	1.4030788705754487	false
20260828_phase1_unfrustrated_matched_seed_chi400	cdw	C:\Users\Kevin\Documents\VS Code\MPS-MFT\ladder_mps_mft\output\phase1_gpu\20260828_phase1_unfrustrated_matched_seed_chi400\results\unfrustrated__cdw_matched_m011_chi400\cubic_unfrustrated__cdw__matched_mode_independent_seed__none__matched_cdw_m011\20260829T131804_1343288_013e4e92dfc6\state.h5	C:\Users\Kevin\Documents\VS Code\MPS-MFT\ladder_mps_mft\output\phase1_gpu\20260828_phase1_unfrustrated_matched_seed_chi400\configs\unfrustrated__cdw_matched_m011_chi400.segment-001.toml	d7eb6f322cbfc0e35089a0061d165498aba91099b7ee7fbda3c9f28a9e346fa7	12	unmixed_probe	time_limit	false	0	time_limit	false	unchanged	9.9999999999999995e-07	0.0050000000000000001	0.038617664655809326	0.12320334672093741	0.81448168204992977	0.40518796287742403	1	0.038617664655809326	0.12320334672093741	false	0.99664498247989475	2.8835858762604278	false
20260828_phase1_unfrustrated_matched_seed_chi400	sc	C:\Users\Kevin\Documents\VS Code\MPS-MFT\ladder_mps_mft\output\phase1_gpu\20260828_phase1_unfrustrated_matched_seed_chi400\results\unfrustrated__pairing_matched_m000_chi400\cubic_unfrustrated__sc__matched_mode_independent_seed__none__matched_pairing_m000\20260829T113509_1320393_013e4e92dfc6\state.h5	C:\Users\Kevin\Documents\VS Code\MPS-MFT\ladder_mps_mft\output\phase1_gpu\20260828_phase1_unfrustrated_matched_seed_chi400\configs\unfrustrated__pairing_matched_m000_chi400.segment-001.toml	20ee38faf769ef6447482fa9c83ea69be4a0cd9fff7c052ea6956a954b5f7f2d	12	unmixed_probe	time_limit	false	0	time_limit	false	unchanged	9.9999999999999995e-07	0.0050000000000000001	0.03187947723701326	0.14328783707711823	0.59952265339036193	0.39587433159287466	1	0.03187947723701326	0.14328783707711823	false	0.9972108089914099	2.4487910808618736	false
20260828_phase1_unfrustrated_matched_seed_chi400	sdw	C:\Users\Kevin\Documents\VS Code\MPS-MFT\ladder_mps_mft\output\phase1_gpu\20260828_phase1_unfrustrated_matched_seed_chi400\results\unfrustrated__sdw_matched_m058_chi400\cubic_unfrustrated__sdw__matched_mode_independent_seed__none__matched_sdw_m058\20260829T120016_1339690_013e4e92dfc6\state.h5	C:\Users\Kevin\Documents\VS Code\MPS-MFT\ladder_mps_mft\output\phase1_gpu\20260828_phase1_unfrustrated_matched_seed_chi400\configs\unfrustrated__sdw_matched_m058_chi400.segment-001.toml	a89c6752df443ae1d095e93d52b3208deac370ff54e5dc199c70de4ee678768d	9	unmixed_probe	time_limit	false	0	time_limit	false	unchanged	9.9999999999999995e-07	0.0050000000000000001	0.00031761786956167881	0.0011762465622116199	0.48814853633210098	0.50808792376438361	1	0.00031761786956167881	0.0011762465622116199	true	0.98278673292477658	5.0770631426695791	false
20260830_phase1_square_t014_vm04_seed_chi200_loose	legacy_pairing_control	C:\Users\Kevin\Documents\VS Code\MPS-MFT\ladder_mps_mft\output\phase1_gpu\20260830_phase1_square_t014_vm04_seed_chi200_loose\results\square__legacy_pairing_mixed_chi200_loose\square__legacy_pairing_control__square_targeted_mode_independent_seed_exploratory__none__targeted_legacy_pairing_m000\20260831T093334_481870_e93552440b67\state.h5	C:\Users\Kevin\Documents\VS Code\MPS-MFT\ladder_mps_mft\output\phase1_gpu\20260830_phase1_square_t014_vm04_seed_chi200_loose\configs\square__legacy_pairing_mixed_chi200_loose.segment-001.toml	85e382b20326e079a70711405f09f3e9fd824cc622835e99c2b7e702046b900d	6	unmixed_probe	fixed_point	true	1	fixed_point	true	unchanged	9.9999999999999995e-07	0.0050000000000000001	6.7183795570639054e-07	3.8597216703241258e-05	0.29326096012723979	0.063132341081961599	1	6.7183795570639054e-07	3.8597216703241258e-05	true	0.6565689524410997	8.2413730771218567	false
20260830_phase1_square_t014_vm04_seed_chi200_loose	pairing_control	C:\Users\Kevin\Documents\VS Code\MPS-MFT\ladder_mps_mft\output\phase1_gpu\20260830_phase1_square_t014_vm04_seed_chi200_loose\results\square__pairing_dwave_m000_chi200_loose\square__pairing_control__square_targeted_mode_independent_seed_exploratory__none__targeted_pairing_m000\20260831T090951_447252_e93552440b67\state.h5	C:\Users\Kevin\Documents\VS Code\MPS-MFT\ladder_mps_mft\output\phase1_gpu\20260830_phase1_square_t014_vm04_seed_chi200_loose\configs\square__pairing_dwave_m000_chi200_loose.segment-001.toml	53a5eb40522e54a988b62bcb586e999a3d91663400211f0240b114232f1e273b	6	unmixed_probe	fixed_point	true	1	fixed_point	true	unchanged	9.9999999999999995e-07	0.0050000000000000001	3.0733897875495977e-07	2.1046399659115082e-05	0.3886208207223662	0.080262234128476231	1	3.0733897875495977e-07	2.1046399659115082e-05	true	0.62169508937770845	9.4442449824899644	false
20260830_phase1_square_t014_vm04_seed_chi200_loose	stripe_control	C:\Users\Kevin\Documents\VS Code\MPS-MFT\ladder_mps_mft\output\phase1_gpu\20260830_phase1_square_t014_vm04_seed_chi200_loose\results\square__stripe_m004_chi200_loose\square__stripe_control__square_targeted_mode_independent_seed_exploratory__none__targeted_stripe_m004\20260831T115229_142366_e93552440b67\state.h5	C:\Users\Kevin\Documents\VS Code\MPS-MFT\ladder_mps_mft\output\phase1_gpu\20260830_phase1_square_t014_vm04_seed_chi200_loose\configs\square__stripe_m004_chi200_loose.segment-001.toml	148f36dd18c060e6fe07bc9efff4e23b0c95d3d48d0ca0e6dabab735df916611	6	unmixed_probe	fixed_point	true	1	fixed_point_candidate_slow_mode	false	stored fixed point fails extrapolated residual gate	9.9999999999999995e-07	0.0050000000000000001	3.8758920040606482e-05	0.0020537778641283411	0.99786438985389081	0.60875388558682486	2.555935926673385	9.9065316210847167e-05	0.0052493246283321568	false	0.99786438985389081	6.0158974765546738	false
20260830_phase1_square_t014_vm04_seed_chi200_loose	stripe_control	C:\Users\Kevin\Documents\VS Code\MPS-MFT\ladder_mps_mft\output\phase1_gpu\20260830_phase1_square_t014_vm04_seed_chi200_loose\results\square__stripe_m005_chi200_loose\square__stripe_control__square_targeted_mode_independent_seed_exploratory__none__targeted_stripe_m005\20260831T120914_1790056_e93552440b67\state.h5	C:\Users\Kevin\Documents\VS Code\MPS-MFT\ladder_mps_mft\output\phase1_gpu\20260830_phase1_square_t014_vm04_seed_chi200_loose\configs\square__stripe_m005_chi200_loose.segment-001.toml	f6e4b47c8d0bf830ff8d66820f970b91424d5962162df540a04c364a575a304b	6	unmixed_probe	fixed_point	true	1	fixed_point	true	unchanged	9.9999999999999995e-07	0.0050000000000000001	3.509765271857276e-05	0.0018590662940147446	0.99705963864828739	0.59937450586340613	2.496096765272378	8.7607137419482752e-05	0.0046404093629171111	true	0.99705963864828739	6.1333368339372241	false
20260830_phase1_square_t014_vm04_seed_chi200_loose	coexistence	C:\Users\Kevin\Documents\VS Code\MPS-MFT\ladder_mps_mft\output\phase1_gpu\20260830_phase1_square_t014_vm04_seed_chi200_loose\results\square__stripe_pairing_m004_chi200_loose\square__coexistence__square_targeted_mode_independent_seed_exploratory__none__targeted_stripe_pairing_m004\20260831T123529_1798204_e93552440b67\state.h5	C:\Users\Kevin\Documents\VS Code\MPS-MFT\ladder_mps_mft\output\phase1_gpu\20260830_phase1_square_t014_vm04_seed_chi200_loose\configs\square__stripe_pairing_m004_chi200_loose.segment-001.toml	ecdd96b32f0224b452ffb861b662dce1ae7950eedf8c2d41b1f3d18691164965	6	unmixed_probe	fixed_point	true	1	fixed_point	true	unchanged	9.9999999999999995e-07	0.0050000000000000001	2.640802579332354e-05	0.0014174987154577489	0.99877765303469368	0.6100520556433362	2.5644448559660962	6.772192590190854e-05	0.0036350972891941733	true	0.99877765303469368	6.2663955899633832	false
20260830_phase1_square_t014_vm04_seed_chi200_loose	coexistence	C:\Users\Kevin\Documents\VS Code\MPS-MFT\ladder_mps_mft\output\phase1_gpu\20260830_phase1_square_t014_vm04_seed_chi200_loose\results\square__stripe_pairing_m005_chi200_loose\square__coexistence__square_targeted_mode_independent_seed_exploratory__none__targeted_stripe_pairing_m005\20260831T140748_1937176_e93552440b67\state.h5	C:\Users\Kevin\Documents\VS Code\MPS-MFT\ladder_mps_mft\output\phase1_gpu\20260830_phase1_square_t014_vm04_seed_chi200_loose\configs\square__stripe_pairing_m005_chi200_loose.segment-001.toml	f49b31217c2d34c0b72f8f6fceb9c441c26cd325ca8f2e162a8a996c62d68315	6	unmixed_probe	fixed_point	true	1	fixed_point	true	unchanged	9.9999999999999995e-07	0.0050000000000000001	2.4510618067574708e-05	0.0013167568737912981	0.99851551325165078	0.60084929021142297	2.505319358018133	6.1406925921683917e-05	0.0032988964857127785	true	0.99851551325165078	6.3671005363373396	false
20260831_phase1_square_t014_vm04_chi200_tight5	legacy_pairing_control	C:\Users\Kevin\Documents\VS Code\MPS-MFT\ladder_mps_mft\output\phase1_gpu\20260831_phase1_square_t014_vm04_chi200_tight5\results\square__legacy_pairing_mixed_chi200_tight5\square__legacy_pairing_control__square_accepted_parent_tight_five_update_probe__from_20260830_phase1_square_t014_vm04_seed_chi200_loose__targeted_legacy_pairing_m000\20260901T085905_2066116_e93552440b67\state.h5	C:\Users\Kevin\Documents\VS Code\MPS-MFT\ladder_mps_mft\output\phase1_gpu\20260831_phase1_square_t014_vm04_chi200_tight5\configs\square__legacy_pairing_mixed_chi200_tight5.segment-001.toml	4eb01300b394bb7dd883fc6fe1469ccfe5cb5500db79cf74ea43af63f5aecdea	5	unmixed_probe	maximum_iterations	false	0	maximum_iterations	false	unchanged	9.9999999999999995e-08	0.0001	2.8715710992562038e-07	1.2116457965172289e-05	-0.80973452135427704	-0.41281293288624199	1	2.8715710992562038e-07	1.2116457965172289e-05	true	-0.80973452135427704	3.6838430957942712	false
20260831_phase1_square_t014_vm04_chi200_tight5	pairing_control	C:\Users\Kevin\Documents\VS Code\MPS-MFT\ladder_mps_mft\output\phase1_gpu\20260831_phase1_square_t014_vm04_chi200_tight5\results\square__pairing_dwave_m000_chi200_tight5\square__pairing_control__square_accepted_parent_tight_five_update_probe__from_20260830_phase1_square_t014_vm04_seed_chi200_loose__targeted_pairing_m000\20260901T085905_2066118_e93552440b67\state.h5	C:\Users\Kevin\Documents\VS Code\MPS-MFT\ladder_mps_mft\output\phase1_gpu\20260831_phase1_square_t014_vm04_chi200_tight5\configs\square__pairing_dwave_m000_chi200_tight5.segment-001.toml	131b35b4fc49deebe5f1960c3da9112d4b732410f3b54b19fae04d83386aa11f	5	unmixed_probe	maximum_iterations	false	0	maximum_iterations	false	unchanged	9.9999999999999995e-08	0.0001	3.056974685567912e-07	1.3828175142129581e-05	-0.72281498566482738	-0.48090798420160319	1	3.056974685567912e-07	1.3828175142129581e-05	true	-0.72281498566482738	3.7175034255239923	false
20260831_phase1_square_t014_vm04_chi200_tight5	stripe_control	C:\Users\Kevin\Documents\VS Code\MPS-MFT\ladder_mps_mft\output\phase1_gpu\20260831_phase1_square_t014_vm04_chi200_tight5\results\square__stripe_m004_chi200_tight5\square__stripe_control__square_accepted_parent_tight_five_update_probe__from_20260830_phase1_square_t014_vm04_seed_chi200_loose__targeted_stripe_m004\20260901T111122_866066_e93552440b67\state.h5	C:\Users\Kevin\Documents\VS Code\MPS-MFT\ladder_mps_mft\output\phase1_gpu\20260831_phase1_square_t014_vm04_chi200_tight5\configs\square__stripe_m004_chi200_tight5.segment-001.toml	5767bc529676aaa1fa495b6a585178c0156f6398431f8ca1c3786c4fac46c357	5	unmixed_probe	maximum_iterations	false	0	maximum_iterations	false	unchanged	9.9999999999999995e-08	0.0001	3.495070929403904e-06	0.00017795019817872543	0.99403151391994216	0.6090437178357192	2.5578307489117096	8.9397998928567327e-06	0.00045516648867647641	false	0.99403151391994216	2.6694603786935058	false
20260831_phase1_square_t014_vm04_chi200_tight5	stripe_control	C:\Users\Kevin\Documents\VS Code\MPS-MFT\ladder_mps_mft\output\phase1_gpu\20260831_phase1_square_t014_vm04_chi200_tight5\results\square__stripe_m005_chi200_tight5\square__stripe_control__square_accepted_parent_tight_five_update_probe__from_20260830_phase1_square_t014_vm04_seed_chi200_loose__targeted_stripe_m005\20260901T111122_866433_e93552440b67\state.h5	C:\Users\Kevin\Documents\VS Code\MPS-MFT\ladder_mps_mft\output\phase1_gpu\20260831_phase1_square_t014_vm04_chi200_tight5\configs\square__stripe_m005_chi200_tight5.segment-001.toml	c493a544ba3c3a82dacfa325dc63030320a7a2aaea27638dc262acd24fd951e7	5	unmixed_probe	maximum_iterations	false	0	maximum_iterations	false	unchanged	9.9999999999999995e-08	0.0001	3.0597224193506037e-06	0.00015012171541009371	0.98866790800109805	0.5980561154832964	2.4879094782158404	7.612312407811869e-06	0.00037348923865479315	false	0.98866790800109805	2.7051591999502467	false
20260831_phase1_square_t014_vm04_chi200_tight5	coexistence	C:\Users\Kevin\Documents\VS Code\MPS-MFT\ladder_mps_mft\output\phase1_gpu\20260831_phase1_square_t014_vm04_chi200_tight5\results\square__stripe_pairing_m004_chi200_tight5\square__coexistence__square_accepted_parent_tight_five_update_probe__from_20260830_phase1_square_t014_vm04_seed_chi200_loose__targeted_stripe_pairing_m004\20260901T113915_877843_e93552440b67\state.h5	C:\Users\Kevin\Documents\VS Code\MPS-MFT\ladder_mps_mft\output\phase1_gpu\20260831_phase1_square_t014_vm04_chi200_tight5\configs\square__stripe_pairing_m004_chi200_tight5.segment-001.toml	1e00d7906f0f16ab1d5f2b9b9d603e7795ea2ce9fe49cd0b337d1f2d17950a39	5	unmixed_probe	maximum_iterations	false	0	maximum_iterations	false	unchanged	9.9999999999999995e-08	0.0001	2.4204381521950209e-06	0.00012317055542251343	0.98706188375305404	0.60630422526347227	2.5400323401215776	6.1479911838394665e-06	0.00031285719412392125	false	0.98706188375305404	2.7031707703314574	false
20260831_phase1_square_t014_vm04_chi200_tight5	coexistence	C:\Users\Kevin\Documents\VS Code\MPS-MFT\ladder_mps_mft\output\phase1_gpu\20260831_phase1_square_t014_vm04_chi200_tight5\results\square__stripe_pairing_m005_chi200_tight5\square__coexistence__square_accepted_parent_tight_five_update_probe__from_20260830_phase1_square_t014_vm04_seed_chi200_loose__targeted_stripe_pairing_m005\20260901T114159_878684_e93552440b67\state.h5	C:\Users\Kevin\Documents\VS Code\MPS-MFT\ladder_mps_mft\output\phase1_gpu\20260831_phase1_square_t014_vm04_chi200_tight5\configs\square__stripe_pairing_m005_chi200_tight5.segment-001.toml	2f03ca25654df34a34774be2a9a3acb686020693adc5f1eef8cac5f657bdc236	5	unmixed_probe	maximum_iterations	false	0	maximum_iterations	false	unchanged	9.9999999999999995e-08	0.0001	2.2222459248326561e-06	0.00010609916467144535	0.98459205920455029	0.5930954266860905	2.4575786697500268	5.4613441838076573e-06	0.0002607470439748397	false	0.98459205920455029	2.7404271436049648	false
RUN_ID	cdw	C:\Users\Kevin\Documents\VS Code\MPS-MFT\ladder_mps_mft\output\phase1_gpu\RUN_ID\results\frustrated__cdw_s1\cubic_frustrated__cdw__independent_seed__none__cdw_s1\20260825T230615_2329131_a1e2dc4ccbe2\state.h5	C:\Users\Kevin\Documents\VS Code\MPS-MFT\ladder_mps_mft\output\phase1_gpu\RUN_ID\configs\frustrated__cdw_s1.segment-001.toml	877a1cd337f4c36e520a161024168dd1109fa5d4743144dce87f68165b5b2695	32	unmixed_probe	fixed_point	true	1	fixed_point	true	unchanged	9.9999999999999995e-07	0.0050000000000000001	6.3205214763592532e-06	5.5525882839128592e-05	-0.98117681929390776	-1.5764348340919103	1	6.3205214763592532e-06	5.5525882839128592e-05	true	0.59240640842540704	6.7050470282447794	false
RUN_ID	sc	C:\Users\Kevin\Documents\VS Code\MPS-MFT\ladder_mps_mft\output\phase1_gpu\RUN_ID\results\frustrated__pairing_s1\cubic_frustrated__sc__independent_seed__none__pairing_s1\20260825T225559_2325208_a1e2dc4ccbe2\state.h5	C:\Users\Kevin\Documents\VS Code\MPS-MFT\ladder_mps_mft\output\phase1_gpu\RUN_ID\configs\frustrated__pairing_s1.segment-001.toml	5e4ab0df375843e72742b67aee1d7ecc23d3f916711c675a3b6ee16ac5344535	31	unmixed_probe	fixed_point	true	1	fixed_point	true	unchanged	9.9999999999999995e-07	0.0050000000000000001	6.2583628546979825e-06	3.0743181874254339e-05	-0.7177665029924668	-0.9990335806991083	1	6.2583628546979825e-06	3.0743181874254339e-05	true	0.02664244846417645	3.8786828775482047	false
RUN_ID	sdw	C:\Users\Kevin\Documents\VS Code\MPS-MFT\ladder_mps_mft\output\phase1_gpu\RUN_ID\results\frustrated__sdw_s1\cubic_frustrated__sdw__independent_seed__none__sdw_s1\20260825T230350_2327318_a1e2dc4ccbe2\state.h5	C:\Users\Kevin\Documents\VS Code\MPS-MFT\ladder_mps_mft\output\phase1_gpu\RUN_ID\configs\frustrated__sdw_s1.segment-001.toml	5c0882859e51e7cb66908310bb693cc826815675ef0b39ea02847de485c91af3	33	unmixed_probe	fixed_point	true	1	fixed_point	true	unchanged	9.9999999999999995e-07	0.0050000000000000001	2.2516518933817127e-06	1.1202606516122614e-05	-0.69037889201684011	-0.74391113960315258	1	2.2516518933817127e-06	1.1202606516122614e-05	true	-0.43715392150788551	5.9937213932440896	false
RUN_ID	cdw	C:\Users\Kevin\Documents\VS Code\MPS-MFT\ladder_mps_mft\output\phase1_gpu\RUN_ID\results\square__cdw_s1\square__cdw__independent_seed__none__cdw_s1\20260826T002112_621806_984cc80a2de4\state.h5	C:\Users\Kevin\Documents\VS Code\MPS-MFT\ladder_mps_mft\output\phase1_gpu\RUN_ID\configs\square__cdw_s1.segment-001.toml	27b96ffba5a566e5f17e0f590c3a02c4b3ff460fb14954e3b6a83fdd9c39f880	38	anderson	fixed_point	true	1	fixed_point_candidate_slow_mode	false	stored fixed point fails extrapolated residual gate	9.9999999999999995e-07	0.0050000000000000001	7.9164514924838069e-05	0.00083331959216837023	0.99322161444944057	0.99088028746911483	109.6525791370464	0.0086805932376416966	0.091375642526693446	false	0.99716433268496452	13.875820921898654	false
RUN_ID	sc	C:\Users\Kevin\Documents\VS Code\MPS-MFT\ladder_mps_mft\output\phase1_gpu\RUN_ID\results\square__pairing_s1\square__sc__independent_seed__none__pairing_s1\20260825T234201_1569630_984cc80a2de4\state.h5	C:\Users\Kevin\Documents\VS Code\MPS-MFT\ladder_mps_mft\output\phase1_gpu\RUN_ID\configs\square__pairing_s1.segment-001.toml	37c38c5cc2f11fa563ed7404c128e4ac7c7e7c621b05ebecc70e650f646a44c3	35	anderson	fixed_point	true	1	fixed_point_candidate_slow_mode	false	stored fixed point fails extrapolated residual gate	9.9999999999999995e-07	0.0050000000000000001	0.00015694686869402105	0.0013236327035697985	0.99932912877661118	1.0203298475474893	Inf	Inf	Inf	false	0.99793050178545861	7.2722882209661339	false
RUN_ID	sdw	C:\Users\Kevin\Documents\VS Code\MPS-MFT\ladder_mps_mft\output\phase1_gpu\RUN_ID\results\square__sdw_s1\square__sdw__independent_seed__none__sdw_s1\20260825T235847_56857_984cc80a2de4\state.h5	C:\Users\Kevin\Documents\VS Code\MPS-MFT\ladder_mps_mft\output\phase1_gpu\RUN_ID\configs\square__sdw_s1.segment-001.toml	52a682c3d3f3a9916135f687f1a12023446c6a0e76492620929e5c04d62e8718	58	anderson	fixed_point	true	1	fixed_point_candidate_slow_mode	false	stored fixed point fails extrapolated residual gate	9.9999999999999995e-07	0.0050000000000000001	0.00016265391864653256	0.0018323751344777026	0.99873320261220555	1.0041448334809489	Inf	Inf	Inf	false	0.99711355720747408	8.6265371471439263	false
RUN_ID	cdw	C:\Users\Kevin\Documents\VS Code\MPS-MFT\ladder_mps_mft\output\phase1_gpu\RUN_ID\results\unfrustrated__cdw_s1\cubic_unfrustrated__cdw__independent_seed__none__cdw_s1\20260825T234003_1566841_013e4e92dfc6\state.h5	C:\Users\Kevin\Documents\VS Code\MPS-MFT\ladder_mps_mft\output\phase1_gpu\RUN_ID\configs\unfrustrated__cdw_s1.segment-001.toml	8d47cc7b7ace66347ae881db4a0d990c0a817f1f92cb07f3a7ccdd3d060f94cd	34	anderson	stagnated	false	0	stagnated	false	unchanged	9.9999999999999995e-07	0.0050000000000000001	0.00039851647155414276	0.00081946548847165626	0.89431818783298556	0.98098544170023849	1	0.00039851647155414276	0.00081946548847165626	true	0.99385103603171132	3.6910214956950256	false
RUN_ID	sc	C:\Users\Kevin\Documents\VS Code\MPS-MFT\ladder_mps_mft\output\phase1_gpu\RUN_ID\results\unfrustrated__pairing_s1\cubic_unfrustrated__sc__independent_seed__none__pairing_s1\20260825T232039_2331423_013e4e92dfc6\state.h5	C:\Users\Kevin\Documents\VS Code\MPS-MFT\ladder_mps_mft\output\phase1_gpu\RUN_ID\configs\unfrustrated__pairing_s1.segment-001.toml	f3cf3b2b7eb31431362ee577ec831224167581774673d543b1b889d324ccc9d7	18	unmixed_probe	fixed_point	true	1	fixed_point_candidate_slow_mode	false	stored fixed point fails extrapolated residual gate	9.9999999999999995e-07	0.0050000000000000001	0.00013084021502533794	0.00024532427922776829	0.99921222120985465	0.9927356432864477	137.65843823919212	0.0180112596592681	0.033770957140650065	false	0.99921222120985465	5.6270145110695378	false
RUN_ID	sdw	C:\Users\Kevin\Documents\VS Code\MPS-MFT\ladder_mps_mft\output\phase1_gpu\RUN_ID\results\unfrustrated__sdw_s1\cubic_unfrustrated__sdw__independent_seed__none__sdw_s1\20260825T232436_2224612_013e4e92dfc6\state.h5	C:\Users\Kevin\Documents\VS Code\MPS-MFT\ladder_mps_mft\output\phase1_gpu\RUN_ID\configs\unfrustrated__sdw_s1.segment-001.toml	cb1b9c0e2c4abfec8f4c4c937506b110d857ea71b3d4dc3825b67c18ebfad6dd	39	anderson	fixed_point	true	1	fixed_point_candidate_slow_mode	false	stored fixed point fails extrapolated residual gate	9.9999999999999995e-07	0.0050000000000000001	0.0003804254394010817	0.00098797760967324648	0.95659725623928749	1.0027242318529572	Inf	Inf	Inf	false	0.99977374814420439	7.5827667559737879	false
