geometry	mode_number	q_over_pi	coefficient	absolute_profile_cosine
cubic_frustrated	1	0.01587301587301587	5.883806492387093e-08	8.536598964282788e-06
cubic_frustrated	2	0.03174603174603174	0.002619745152711339	0.3799978338366799
cubic_frustrated	3	0.04761904761904762	-2.075628199860607e-08	3.011452800840378e-06
cubic_frustrated	4	0.06349206349206349	0.002866941720470302	0.4158540545011403
cubic_frustrated	5	0.07936507936507936	-1.421264996611574e-08	2.06206123770235e-06
cubic_frustrated	6	0.09523809523809523	0.003366696436184859	0.4883442008135219
cubic_frustrated	7	0.1111111111111111	1.522506824513509e-08	2.208949291249612e-06
cubic_frustrated	8	0.126984126984127	0.00499859828263312	0.7250539304002404
cubic_frustrated	9	0.1428571428571428	-4.698536621097548e-09	6.816934395440862e-07
cubic_frustrated	10	0.1587301587301587	0.000324921976806174	0.04713040397249772
cubic_frustrated	11	0.1746031746031746	-1.431949056829307e-08	2.077562348668719e-06
cubic_frustrated	12	0.1904761904761905	0.0003135382594600119	0.04547917926154681
cubic_frustrated	13	0.2063492063492063	-3.792566194213632e-09	5.502495143006057e-07
cubic_frustrated	14	0.2222222222222222	0.0003264129328270871	0.04734666930567576
cubic_frustrated	15	0.2380952380952381	-1.21157969164821e-09	1.757836522022756e-07
cubic_frustrated	16	0.253968253968254	0.0003458689346959191	0.05016879059393421
cubic_frustrated	17	0.2698412698412698	-2.957347855919296e-09	4.290707499562815e-07
cubic_frustrated	18	0.2857142857142857	0.0003674008554170749	0.0532920269224428
cubic_frustrated	19	0.3015873015873016	1.92083469888407e-09	2.786868589535229e-07
cubic_frustrated	20	0.3174603174603174	0.00037840132569809	0.05488766109076802
cubic_frustrated	21	0.3333333333333333	-1.285538997288483e-09	1.865141365180624e-07
cubic_frustrated	22	0.3492063492063492	0.0003845371890912582	0.05577767697483541
cubic_frustrated	23	0.3650793650793651	-1.180623307237219e-09	1.712923039547552e-07
cubic_frustrated	24	0.3809523809523809	0.0003882531462618454	0.05631668195170948
cubic_frustrated	25	0.3968253968253968	1.228212957032904e-09	1.781969116498598e-07
cubic_frustrated	26	0.4126984126984127	0.0003908060040665865	0.0566869776787158
cubic_frustrated	27	0.4285714285714285	-6.367821034091859e-10	9.238837905974109e-08
cubic_frustrated	28	0.4444444444444444	0.0003926887463295553	0.05696007217451454
cubic_frustrated	29	0.4603174603174603	-2.453745820045165e-10	3.560049780978662e-08
cubic_frustrated	30	0.4761904761904762	0.0003940607507810209	0.05715908341002787
cubic_frustrated	31	0.492063492063492	-2.841271299432932e-10	4.122296286606761e-08
cubic_frustrated	32	0.5079365079365079	0.0003949454952720288	0.05728741688160013
cubic_frustrated	33	0.5238095238095238	-5.892707392553593e-10	8.549512952182503e-08
cubic_frustrated	34	0.5396825396825397	0.0003953864114027112	0.05735137240581951
cubic_frustrated	35	0.5555555555555556	-1.994059117079641e-10	2.89310721061058e-08
cubic_frustrated	36	0.5714285714285714	0.0003954520021555569	0.05736088643964654
cubic_frustrated	37	0.5873015873015873	-1.093848006296681e-11	1.587023927679379e-09
cubic_frustrated	38	0.6031746031746031	0.0003952509671370509	0.05733172601864971
cubic_frustrated	39	0.6190476190476191	-2.111246858961843e-10	3.063130607264089e-08
cubic_frustrated	40	0.6349206349206349	0.0003948894217558263	0.0572792833367511
cubic_frustrated	41	0.6507936507936508	-2.983563833491851e-10	4.328743298944914e-08
cubic_frustrated	42	0.6666666666666666	0.0003944659886696452	0.05721786375349237
cubic_frustrated	43	0.6825396825396826	3.525658263734069e-10	5.115248219233587e-08
cubic_frustrated	44	0.6984126984126984	0.0003940424230604019	0.05715642494757133
cubic_frustrated	45	0.7142857142857143	-5.239713030979171e-10	7.602107393515437e-08
cubic_frustrated	46	0.7301587301587301	0.0003936591778583996	0.05710083467519746
cubic_frustrated	47	0.746031746031746	1.812498428053711e-10	2.629687466775361e-08
cubic_frustrated	48	0.7619047619047619	0.0003933277865923364	0.05705276589143581
cubic_frustrated	49	0.7777777777777778	3.134720642783416e-11	4.548051168410718e-09
cubic_frustrated	50	0.7936507936507936	0.000393050985678725	0.05701261551747004
cubic_frustrated	51	0.8095238095238095	1.06040457050888e-10	1.53850208418168e-08
cubic_frustrated	52	0.8253968253968254	0.0003928181597447694	0.05697884377808063
cubic_frustrated	53	0.8412698412698413	-5.094772787411346e-12	7.391818872453069e-10
cubic_frustrated	54	0.8571428571428571	0.0003926268946507657	0.05695110049880216
cubic_frustrated	55	0.873015873015873	2.020342295170854e-10	2.931240516348886e-08
cubic_frustrated	56	0.8888888888888888	0.0003924722702391289	0.05692867200364137
cubic_frustrated	57	0.9047619047619048	-1.496595823764661e-10	2.171355970931968e-08
cubic_frustrated	58	0.9206349206349206	0.0003923552085437525	0.05691169203495149
cubic_frustrated	59	0.9365079365079365	1.232121930124701e-10	1.787640502138132e-08
cubic_frustrated	60	0.9523809523809523	0.0003922752637448124	0.05690009592592075
cubic_frustrated	61	0.9682539682539683	2.418700914766158e-10	3.509204418732831e-08
cubic_frustrated	62	0.9841269841269841	0.0003922353525477106	0.05689430674889766
cubic_frustrated	63	1	1.496629936951696e-10	3.047117724606874e-08
cubic_unfrustrated	1	0.01587301587301587	5.883806492408443e-08	8.536598964313764e-06
cubic_unfrustrated	2	0.03174603174603174	0.002619745152711339	0.37999783383668
cubic_unfrustrated	3	0.04761904761904762	-2.075628199860607e-08	3.011452800886843e-06
cubic_unfrustrated	4	0.06349206349206349	0.002866941720470302	0.4158540545011403
cubic_unfrustrated	5	0.07936507936507936	-1.42126499662225e-08	2.06206123770235e-06
cubic_unfrustrated	6	0.09523809523809523	0.003366696436184859	0.4883442008135219
cubic_unfrustrated	7	0.1111111111111111	1.522506824481483e-08	2.208949291172171e-06
cubic_unfrustrated	8	0.126984126984127	0.004998598282633121	0.7250539304002405
cubic_unfrustrated	9	0.1428571428571428	-4.698536621097548e-09	6.816934395440862e-07
cubic_unfrustrated	10	0.1587301587301587	0.000324921976806174	0.04713040397249769
cubic_unfrustrated	11	0.1746031746031746	-1.431949056855995e-08	2.07756234870744e-06
cubic_unfrustrated	12	0.1904761904761905	0.0003135382594600117	0.04547917926154683
cubic_unfrustrated	13	0.2063492063492063	-3.792566194000128e-09	5.502495142386527e-07
cubic_unfrustrated	14	0.2222222222222222	0.0003264129328270871	0.04734666930567577
cubic_unfrustrated	15	0.2380952380952381	-1.21157969191509e-09	1.757836522332522e-07
cubic_unfrustrated	16	0.253968253968254	0.0003458689346959188	0.05016879059393418
cubic_unfrustrated	17	0.2698412698412698	-2.957347855759168e-09	4.290707499640256e-07
cubic_unfrustrated	18	0.2857142857142857	0.000367400855417075	0.05329202692244281
cubic_unfrustrated	19	0.3015873015873016	1.920834698590501e-09	2.786868589148022e-07
cubic_unfrustrated	20	0.3174603174603174	0.0003784013256980901	0.05488766109076802
cubic_unfrustrated	21	0.3333333333333333	-1.2855389974753e-09	1.865141365335506e-07
cubic_unfrustrated	22	0.3492063492063492	0.0003845371890912584	0.05577767697483542
cubic_unfrustrated	23	0.3650793650793651	-1.180623307290595e-09	1.712923039741155e-07
cubic_unfrustrated	24	0.3809523809523809	0.0003882531462618458	0.05631668195170947
cubic_unfrustrated	25	0.3968253968253968	1.228212957193032e-09	1.781969116653481e-07
cubic_unfrustrated	26	0.4126984126984127	0.0003908060040665865	0.05668697767871583
cubic_unfrustrated	27	0.4285714285714285	-6.367821031423054e-10	9.238837901327624e-08
cubic_unfrustrated	28	0.4444444444444444	0.0003926887463295551	0.05696007217451451
cubic_unfrustrated	29	0.4603174603174603	-2.453745822980851e-10	3.560049784076319e-08
cubic_unfrustrated	30	0.4761904761904762	0.0003940607507810208	0.05715908341002787
cubic_unfrustrated	31	0.492063492063492	-2.841271298899171e-10	4.122296283509104e-08
cubic_unfrustrated	32	0.5079365079365079	0.0003949454952720287	0.05728741688160012
cubic_unfrustrated	33	0.5238095238095238	-5.892707395222398e-10	8.549512957216197e-08
cubic_unfrustrated	34	0.5396825396825397	0.0003953864114027114	0.05735137240581954
cubic_unfrustrated	35	0.5555555555555556	-1.994059115478358e-10	2.89310721061058e-08
cubic_unfrustrated	36	0.5714285714285714	0.0003954520021555568	0.05736088643964653
cubic_unfrustrated	37	0.5873015873015873	-1.093847958258184e-11	1.587023881214517e-09
cubic_unfrustrated	38	0.6031746031746031	0.0003952509671370509	0.05733172601864971
cubic_unfrustrated	39	0.6190476190476191	-2.111246861363767e-10	3.06313061268499e-08
cubic_unfrustrated	40	0.6349206349206349	0.0003948894217558261	0.05727928333675108
cubic_unfrustrated	41	0.6507936507936508	-2.983563835093134e-10	4.328743301268157e-08
cubic_unfrustrated	42	0.6666666666666666	0.0003944659886696449	0.05721786375349236
cubic_unfrustrated	43	0.6825396825396826	3.525658265602232e-10	5.115248220782415e-08
cubic_unfrustrated	44	0.6984126984126984	0.000394042423060402	0.05715642494757132
cubic_unfrustrated	45	0.7142857142857143	-5.239713031779813e-10	7.602107392353814e-08
cubic_unfrustrated	46	0.7301587301587301	0.0003936591778583993	0.05710083467519744
cubic_unfrustrated	47	0.746031746031746	1.812498432857561e-10	2.629687473745091e-08
cubic_unfrustrated	48	0.7619047619047619	0.0003933277865923366	0.05705276589143583
cubic_unfrustrated	49	0.7777777777777778	3.134720653458637e-11	4.548051199387292e-09
cubic_unfrustrated	50	0.7936507936507936	0.0003930509856787251	0.05701261551747006
cubic_unfrustrated	51	0.8095238095238095	1.060404564103748e-10	1.538502077599158e-08
cubic_unfrustrated	52	0.8253968253968254	0.0003928181597447693	0.05697884377808057
cubic_unfrustrated	53	0.8412698412698413	-5.09477289416356e-12	7.391819143498091e-10
cubic_unfrustrated	54	0.8571428571428571	0.0003926268946507658	0.0569511004988022
cubic_unfrustrated	55	0.873015873015873	2.020342295170854e-10	2.931240516348886e-08
cubic_unfrustrated	56	0.8888888888888888	0.0003924722702391289	0.05692867200364134
cubic_unfrustrated	57	0.9047619047619048	-1.496595819494572e-10	2.171355964736653e-08
cubic_unfrustrated	58	0.9206349206349206	0.0003923552085437519	0.05691169203495145
cubic_unfrustrated	59	0.9365079365079365	1.232121936529834e-10	1.787640511431104e-08
cubic_unfrustrated	60	0.9523809523809523	0.0003922752637448127	0.05690009592592077
cubic_unfrustrated	61	0.9682539682539683	2.418700912631114e-10	3.509204415635174e-08
cubic_unfrustrated	62	0.9841269841269841	0.0003922353525477104	0.05689430674889766
cubic_unfrustrated	63	1	1.496629935867494e-10	3.047117719088323e-08
square	1	0.01587301587301587	1.961268830824165e-08	8.536598964352487e-06
square	2	0.03174603174603174	0.0008732483842371128	0.37999783383668
square	3	0.04761904761904762	-6.918760666202023e-09	3.011452800851995e-06
square	4	0.06349206349206349	0.0009556472401567674	0.4158540545011404
square	5	0.07936507936507936	-4.737549988740832e-09	2.062061237719775e-06
square	6	0.09523809523809523	0.001122232145394953	0.4883442008135219
square	7	0.1111111111111111	5.075022748333883e-09	2.208949291218636e-06
square	8	0.126984126984127	0.001666199427544374	0.7250539304002402
square	9	0.1428571428571428	-1.566178873850415e-09	6.816934395595745e-07
square	10	0.1587301587301587	0.000108307325602058	0.04713040397249771
square	11	0.1746031746031746	-4.773163522737667e-09	2.077562348672591e-06
square	12	0.1904761904761905	0.0001045127531533373	0.04547917926154684
square	13	0.2063492063492063	-1.264188731288896e-09	5.502495142328446e-07
square	14	0.2222222222222222	0.0001088043109423624	0.04734666930567574
square	15	0.2380952380952381	-4.03859897233862e-10	1.757836521984036e-07
square	16	0.253968253968254	0.0001152896448986397	0.0501687905939342
square	17	0.2698412698412698	-9.857826185285652e-10	4.290707499349851e-07
square	18	0.2857142857142857	0.0001224669518056916	0.05329202692244279
square	19	0.3015873015873016	6.402782328635004e-10	2.786868589360986e-07
square	20	0.3174603174603174	0.0001261337752326968	0.05488766109076807
square	21	0.3333333333333333	-4.285129992162573e-10	1.865141365432309e-07
square	22	0.3492063492063492	0.0001281790630304194	0.05577767697483544
square	23	0.3650793650793651	-3.935411024168545e-10	1.712923039566912e-07
square	24	0.3809523809523809	0.0001294177154206151	0.05631668195170941
square	25	0.3968253968253968	4.094043190999282e-10	1.781969116653481e-07
square	26	0.4126984126984127	0.0001302686680221955	0.05668697767871581
square	27	0.4285714285714285	-2.122607010696752e-10	9.238837901521228e-08
square	28	0.4444444444444444	0.0001308962487765183	0.05696007217451451
square	29	0.4603174603174603	-8.179152741045499e-11	3.560049785625148e-08
square	30	0.4761904761904762	0.0001313535835936737	0.0571590834100279
square	31	0.492063492063492	-9.470904341228726e-11	4.122296284670726e-08
square	32	0.5079365079365079	0.0001316484984240095	0.05728741688160011
square	33	0.5238095238095238	-1.964235797384424e-10	8.549512956054576e-08
square	34	0.5396825396825397	0.0001317954704675704	0.05735137240581956
square	35	0.5555555555555556	-6.646863712478782e-11	2.893107205964095e-08
square	36	0.5714285714285714	0.0001318173340518523	0.05736088643964656
square	37	0.5873015873015873	-3.646159909788712e-12	1.587023896702805e-09
square	38	0.6031746031746031	0.000131750322379017	0.05733172601864971
square	39	0.6190476190476191	-7.03748954544084e-11	3.063130612104179e-08
square	40	0.6349206349206349	0.000131629807251942	0.05727928333675105
square	41	0.6507936507936508	-9.945212786312586e-11	4.328743304365815e-08
square	42	0.6666666666666666	0.0001314886628898817	0.05721786375349239
square	43	0.6825396825396826	1.175219420977809e-10	5.115248216910345e-08
square	44	0.6984126984126984	0.0001313474743534673	0.05715642494757134
square	45	0.7142857142857143	-1.746571010815671e-10	7.602107394289851e-08
square	46	0.7301587301587301	0.0001312197259527998	0.05710083467519747
square	47	0.746031746031746	6.04166144463774e-11	2.629687474519505e-08
square	48	0.7619047619047619	0.0001311092621974456	0.05705276589143589
square	49	0.7777777777777778	1.044906872031787e-11	4.548051129690001e-09
square	50	0.7936507936507936	0.0001310169952262417	0.05701261551747005
square	51	0.8095238095238095	3.534681880123425e-11	1.53850207711515e-08
square	52	0.8253968253968254	0.0001309393865815898	0.05697884377808065
square	53	0.8412698412698413	-1.698257493499577e-12	7.39181837876392e-10
square	54	0.8571428571428571	0.0001308756315502552	0.05695110049880216
square	55	0.873015873015873	6.734474303002552e-11	2.931240503958257e-08
square	56	0.8888888888888888	0.0001308240900797096	0.05692867200364136
square	57	0.9047619047619048	-4.988652738765388e-11	2.171355967834311e-08
square	58	0.9206349206349206	0.000130785069514584	0.05691169203495151
square	59	0.9365079365079365	4.107073116428503e-11	1.787640511431104e-08
square	60	0.9523809523809523	0.0001307584212482708	0.05690009592592075
square	61	0.9682539682539683	8.062336370099436e-11	3.509204410214273e-08
square	62	0.9841269841269841	0.0001307451175159036	0.0568943067488977
square	63	1	4.98876645966791e-11	3.047117723227236e-08
