geometry	rung	charge_even	charge_even_centered	charge_odd	spin_even	spin_odd	beta_nn	beta_nn_centered
cubic_frustrated	1	-0.0003412027605264305	0.01245653916216868	2.513835984535064e-11	1.682261643355665e-15	-4.626617285900109e-14	0.03489503977617621	-0.009848587816512898
cubic_frustrated	2	-0.001156101977586976	0.01164163994510813	1.115071696002751e-11	-1.767520591694494e-15	7.965584572153239e-14	0.03969554337924509	-0.005048084213444021
cubic_frustrated	3	-0.002619191664459552	0.01017855025823556	1.691253901248829e-10	1.646903100005481e-16	-1.06712273566234e-13	0.04012861913626779	-0.004615008456421314
cubic_frustrated	4	-0.00490262234228489	0.007895119580410219	6.66661756180964e-11	-2.835839202353085e-15	8.386130331827779e-14	0.04140659605962111	-0.003337031533067997
cubic_frustrated	5	-0.007861221555368968	0.004936520367326142	7.062434317917088e-11	2.556982403589814e-15	-4.162902661475343e-14	0.04298966892009683	-0.00175395867259228
cubic_frustrated	6	-0.01110814136720265	0.001689600555492457	1.752991961659345e-10	-4.160300576261378e-15	2.195682871630744e-14	0.04458571158157032	-0.0001579160111187874
cubic_frustrated	7	-0.01420406673604851	-0.001406324813353399	-3.411423877761055e-10	8.967653009062104e-15	-8.192231615300472e-15	0.04604142602930378	0.001297798436614678
cubic_frustrated	8	-0.01676758766283296	-0.003969845740137846	-1.014746758842833e-10	-4.767887473722254e-15	2.873569437955581e-15	0.0471585876929264	0.002414960100237291
cubic_frustrated	9	-0.01851388979125892	-0.005716147868563809	-1.274010896779032e-10	1.710437347313132e-15	-7.37257477290143e-16	0.04780983128252052	0.003066203689831411
cubic_frustrated	10	-0.01928836395047899	-0.006490622027783881	5.019576369141854e-10	1.619364364824349e-15	1.366094737331736e-15	0.04796925144759652	0.003225623854907413
cubic_frustrated	11	-0.01909261486117061	-0.006294872938475506	2.409471072314928e-09	3.086940425500728e-15	6.268423280442192e-15	0.04767861485720584	0.002934987264516728
cubic_frustrated	12	-0.01807323811601465	-0.005275496193319539	2.166577741866127e-09	-1.507474700623845e-15	-1.563853213593092e-14	0.04703551856371743	0.002291890971028318
cubic_frustrated	13	-0.01648501945273536	-0.003687277530040254	1.116552527519188e-09	-5.597952656977156e-15	3.780309398848658e-14	0.04618135779193585	0.001437730199246742
cubic_frustrated	14	-0.01464306714955593	-0.001845325226860817	1.719210427665596e-09	-2.880942012728482e-15	-5.405008038361636e-14	0.04527677984829603	0.0005331522556069265
cubic_frustrated	15	-0.01287163336598328	-7.389144328817307e-05	2.206782522343187e-09	-6.717716660720185e-15	6.447186534641602e-14	0.04447568883536367	-0.0002679387573254408
cubic_frustrated	16	-0.01145636199473786	0.001341379927957253	1.974673502838642e-09	-5.490399801466594e-15	-4.828949740076638e-14	0.04390302511841127	-0.0008406024742778351
cubic_frustrated	17	-0.01060529304112543	0.002192448881569678	1.064217512725119e-09	6.268423280442192e-15	3.291637795665991e-14	0.04363820463876408	-0.001105422953925024
cubic_frustrated	18	-0.01042288976586736	0.002374852156827747	7.182465594501863e-10	9.037909309839165e-16	-2.405367571789441e-14	0.0437059847571415	-0.001037642835547609
cubic_frustrated	19	-0.01089992386004883	0.00189781806264628	-8.965136411021035e-10	5.399326818977812e-16	1.411154179620233e-14	0.04407557865944738	-0.0006680489332417244
cubic_frustrated	20	-0.01192017014710082	0.000877571775594289	-1.649728171779219e-09	4.301680539553487e-15	1.994498316504334e-15	0.04466806279425052	-7.556479843858627e-05
cubic_frustrated	21	-0.01328296281724712	-0.0004852208945520103	5.722138934557974e-10	4.062722380737682e-15	-5.006411951669065e-15	0.04537086147558248	0.0006272338828933743
cubic_frustrated	22	-0.01473841668133424	-0.001940674758639134	-1.059172177915457e-09	1.111047018276246e-14	-1.293800136470402e-14	0.04605722115803684	0.001313593565347736
cubic_frustrated	23	-0.01602987867156746	-0.003232136748872346	-4.431990538455999e-11	-1.60288449180257e-15	-1.058701737388645e-14	0.04660764480158445	0.001864017208895341
cubic_frustrated	24	-0.01693692621125469	-0.004139184288559583	-2.01168398432372e-09	1.916869440954372e-15	-3.866698627952303e-15	0.04692976188980361	0.002186134297114506
cubic_frustrated	25	-0.01731170202011192	-0.004513960097416808	-8.817736037863844e-10	2.23866064574807e-15	-1.360890566903805e-15	0.04697325986774464	0.002229632275055529
cubic_frustrated	26	-0.01710232918751706	-0.004304587264821951	1.405304751039838e-09	-9.065664885454794e-15	2.05911676598447e-15	0.04673749183345595	0.001993864240766842
cubic_frustrated	27	-0.01635951459317555	-0.00356177267048044	7.91280830789165e-10	-2.785098540680764e-15	9.187962890511159e-15	0.04627039134162599	0.001526763748936885
cubic_frustrated	28	-0.01522547763993908	-0.002427735717243973	2.134062468406306e-09	-3.040536572518349e-15	-9.223958402637678e-15	0.04565909761707224	0.000915470024383136
cubic_frustrated	29	-0.01390754199608477	-0.001109800073389663	3.778968305813424e-09	4.601354020028481e-16	9.155436825336594e-15	0.0450142822199009	0.0002706546272117916
cubic_frustrated	30	-0.01264135769854388	0.0001563842241512261	5.370084741468384e-10	-8.187894806610529e-16	-2.008809785181143e-15	0.04445072585105975	-0.0002929017416293603
cubic_frustrated	31	-0.01165025289935658	0.001147489023338532	2.866513420726746e-09	8.864436962241484e-16	7.728193085476676e-16	0.04406764857457672	-0.0006759790181123868
cubic_frustrated	32	-0.01110751665689638	0.001690225265798727	1.631897226725409e-09	-2.579533808777512e-15	-8.14973089013904e-15	0.0439320712088707	-0.0008115563838184056
cubic_frustrated	33	-0.01110751245068827	0.001690229472006838	-2.28619388351059e-09	-1.580333086614871e-15	2.697495005143935e-15	0.04406764111672812	-0.0006759864759609893
cubic_frustrated	34	-0.0116502508144827	0.001147491108212408	-2.607865215442651e-09	3.420874694626264e-15	-1.110569969320352e-14	0.04445070911962323	-0.0002929184730658743
cubic_frustrated	35	-0.01264135468664715	0.0001563872360479598	-1.905257051952602e-09	4.67768185297146e-15	1.693870738117553e-14	0.04501425629824771	0.0002706287055586065
cubic_frustrated	36	-0.013907539608899	-0.00110979768620389	-8.648378627823528e-10	-4.433953204596719e-15	-2.633657181227989e-14	0.04565908223725557	0.0009154546445664657
cubic_frustrated	37	-0.01522548787812151	-0.002427745955426396	-3.825616802510812e-10	-5.376341732921119e-15	2.274439317440091e-14	0.04627036699896394	0.001526739406274832
cubic_frustrated	38	-0.01635953273281328	-0.003561790810118169	-1.196020194341174e-09	-2.193557835372673e-15	-2.450383645991039e-14	0.04673747213935955	0.001993844546670447
cubic_frustrated	39	-0.01710234777712324	-0.004304605854428132	-8.326666266211813e-10	2.745199900733297e-15	1.795699006157392e-14	0.04697326647359211	0.002229638880903002
cubic_frustrated	40	-0.01731172179625327	-0.004513979873558158	1.262737117993518e-09	4.478188653234128e-15	-1.626563467249653e-14	0.0469297749725219	0.002186147379832797
cubic_frustrated	41	-0.0169369548261243	-0.004139212903429189	1.044154197132885e-09	3.393119119010635e-15	1.409636296578753e-14	0.04660769320426945	0.001864065611580347
cubic_frustrated	42	-0.01602993416951246	-0.00323219224681735	1.068816927324301e-09	3.530162273612802e-16	-1.969865243145463e-14	0.04605729124779018	0.00131366365510107
cubic_frustrated	43	-0.01473852032762551	-0.001940778404930399	2.916307802885987e-09	5.234528088760015e-16	1.572049782017082e-14	0.04537094477245653	0.0006273171797674185
cubic_frustrated	44	-0.01328310237452208	-0.0004853604518269689	2.298732661686065e-09	5.178149575790769e-15	-1.585537257042802e-15	0.04466816099832729	-7.546659436181297e-05
cubic_frustrated	45	-0.01192033220876982	0.000877409713925293	1.468507045999934e-09	2.103352214621879e-16	2.99109695345301e-15	0.04407568014792086	-0.0006679474447682451
cubic_frustrated	46	-0.01090009932155472	0.001897642601140391	8.814993960465367e-10	-6.47355433147645e-15	1.157711079780022e-14	0.04370608637571499	-0.001037541216974122
cubic_frustrated	47	-0.0104230668347403	0.002374675087954808	-2.847095880234574e-09	-1.272853350497982e-15	3.652893959538162e-15	0.04363830471168254	-0.001105322881006565
cubic_frustrated	48	-0.01060546669242092	0.002192275230274191	-2.840298473846814e-09	9.658072952500873e-16	-1.109399030974068e-14	0.04390313029441419	-0.0008404972982749143
cubic_frustrated	49	-0.011456525150548	0.001341216772147113	-2.070082844723986e-09	1.65969668564081e-15	1.343499964057138e-14	0.04447578612759231	-0.0002678414650967992
cubic_frustrated	50	-0.01287177677577662	-7.403485308151575e-05	-2.179391490192417e-09	1.074661193367632e-15	-1.266348137463069e-16	0.04527686606712431	0.0005332384744351978
cubic_frustrated	51	-0.01464318294740491	-0.001845441024709798	-1.119352128348128e-10	-1.978452124351548e-15	-1.553097928042035e-14	0.04618142909451256	0.001437801501823453
cubic_frustrated	52	-0.01648511131780409	-0.003687369395108983	2.990904832828045e-10	-4.490331717565965e-15	1.538786459365227e-14	0.04703558412107224	0.002291956528383134
cubic_frustrated	53	-0.01807331368957239	-0.005275571766877277	-7.059513928292516e-10	-1.399054483375295e-15	-1.745218553006467e-14	0.04767867564661658	0.002935048053927476
cubic_frustrated	54	-0.01909268885199927	-0.006294946929304164	-1.629437265671108e-09	8.61116733474887e-15	1.592302678599111e-14	0.04796931379256333	0.003225686199874227
cubic_frustrated	55	-0.01928844002818342	-0.006490698105488309	-1.934204116316174e-10	1.079865363795562e-15	-7.781102151493968e-15	0.04780989504162068	0.003066267448931577
cubic_frustrated	56	-0.01851397742542264	-0.00571623550272753	4.959868522835809e-10	-1.29922114733283e-14	2.478312693954265e-14	0.04715865472801983	0.002415027135330719
cubic_frustrated	57	-0.0167676894577667	-0.003969947535071593	-2.594955101492546e-10	-2.216109240560371e-15	-5.601855784798104e-14	0.04604149642231676	0.001297868829627652
cubic_frustrated	58	-0.01420418178714751	-0.001406439864452401	-8.044955934066733e-11	1.454565634606553e-15	4.215811727492635e-14	0.04458578046685414	-0.0001578471258349631
cubic_frustrated	59	-0.01110825743460262	0.00168948448809249	-4.622354807942708e-10	5.609228359571006e-15	-1.912792840785826e-14	0.04298972964717671	-0.001753897945512402
cubic_frustrated	60	-0.007861325890899421	0.004936416031795688	-2.979101982464316e-10	3.540570614468663e-15	2.577018459737346e-14	0.04140664241626457	-0.003336985176424535
cubic_frustrated	61	-0.00490270533304386	0.007895036589651249	-2.263552735005947e-10	1.847263661480802e-15	-4.709405608538386e-14	0.04012865739721122	-0.004614970195477887
cubic_frustrated	62	-0.002619254067004844	0.01017848785569027	-1.021875208149364e-10	-1.261686068121382e-15	2.268400311339347e-14	0.03969556789558829	-0.005048059697100815
cubic_frustrated	63	-0.001156135619796485	0.01164160630289862	-9.566575179600911e-12	-6.138210599526683e-16	2.424872368872455e-15	0.03489504935683908	-0.009848578235850024
cubic_frustrated	64	-0.0003412141397981166	0.01245652778289699	-2.163574256818651e-11	-1.312860410662697e-15	-9.739361010382974e-15	NaN	NaN
cubic_unfrustrated	1	-0.0003412027605264305	0.01245653916216868	-7.541507953605191e-11	1.682275195882821e-15	1.387985050244761e-13	0.03489503977617622	-0.009848587816512891
cubic_unfrustrated	2	-0.001156101977586976	0.01164163994510814	-3.345215098850274e-11	-1.767574801803118e-15	-2.389673745342713e-13	0.03969554337924509	-0.005048084213444021
cubic_unfrustrated	3	-0.002619191664459552	0.01017855025823556	-5.073761708083296e-10	1.649071504350452e-16	3.201368206987021e-13	0.04012861913626779	-0.004615008456421321
cubic_unfrustrated	4	-0.004902622342284889	0.007895119580410222	-1.999985272879701e-10	-2.835839202353085e-15	-2.515843436357024e-13	0.04140659605962112	-0.00333703153306799
cubic_unfrustrated	5	-0.007861221555368968	0.004936520367326145	-2.118730295375126e-10	2.557416084458808e-15	1.248857788016533e-13	0.04298966892009683	-0.00175395867259228
cubic_unfrustrated	6	-0.01110814136720265	0.001689600555492462	-5.258975876304417e-10	-4.160734257130372e-15	-6.587005246805333e-14	0.04458571158157032	-0.0001579160111187874
cubic_unfrustrated	7	-0.01420406673604851	-0.001406324813353396	1.023427163328317e-09	8.968086689931098e-15	2.457452644155644e-14	0.04604142602930378	0.001297798436614678
cubic_unfrustrated	8	-0.01676758766283296	-0.003969845740137843	3.044240276528498e-10	-4.768754835460243e-15	-8.621575675604731e-15	0.04715858769292639	0.002414960100237284
cubic_unfrustrated	9	-0.01851388979125892	-0.005716147868563805	3.822032759726035e-10	1.710437347313132e-15	2.211772431870429e-15	0.04780983128252052	0.003066203689831411
cubic_unfrustrated	10	-0.01928836395047899	-0.006490622027783877	-1.50587291247728e-09	1.620231726562338e-15	-4.097416850257218e-15	0.04796925144759652	0.003225623854907413
cubic_unfrustrated	11	-0.01909261486117061	-0.006294872938475502	-7.228413216944785e-09	3.08607306376274e-15	-1.880613720306457e-14	0.04767861485720584	0.002934987264516728
cubic_unfrustrated	12	-0.01807323811601464	-0.005275496193319532	-6.499733227333104e-09	-1.505739977147869e-15	4.691559640779275e-14	0.04703551856371743	0.002291890971028318
cubic_unfrustrated	13	-0.01648501945273537	-0.003687277530040254	-3.349657587761734e-09	-5.597952656977156e-15	-1.134110166889357e-13	0.04618135779193586	0.001437730199246749
cubic_unfrustrated	14	-0.01464306714955593	-0.001845325226860813	-5.157631282996789e-09	-2.881375693597477e-15	1.621515421934561e-13	0.04527677984829604	0.0005331522556069335
cubic_unfrustrated	15	-0.01287163336598328	-7.38914432881696e-05	-6.620347566162199e-09	-6.717716660720185e-15	-1.934155960392481e-13	0.04447568883536367	-0.0002679387573254338
cubic_unfrustrated	16	-0.01145636199473786	0.001341379927957256	-5.924020506781202e-09	-5.4899661205976e-15	1.448680585214301e-13	0.04390302511841128	-0.0008406024742778281
cubic_unfrustrated	17	-0.01060529304112543	0.002192448881569681	-3.192652538175356e-09	6.269290642180181e-15	-9.874826650824176e-14	0.04363820463876408	-0.001105422953925031
cubic_unfrustrated	18	-0.01042288976586736	0.002374852156827751	-2.154739680085282e-09	9.037909309839165e-16	7.216102715368322e-14	0.0437059847571415	-0.001037642835547609
cubic_unfrustrated	19	-0.01089992386004883	0.001897818062646283	2.689540923306311e-09	5.39499001028787e-16	-4.233505906947599e-14	0.04407557865944738	-0.0006680489332417314
cubic_unfrustrated	20	-0.01192017014710082	0.0008775717755942925	4.94918451186821e-09	4.302547901291476e-15	-5.98436231125099e-15	0.04466806279425052	-7.556479843858627e-05
cubic_unfrustrated	21	-0.01328296281724712	-0.0004852208945520069	-1.716641679500031e-09	4.063589742475671e-15	1.502097057848317e-14	0.04537086147558248	0.0006272338828933743
cubic_unfrustrated	22	-0.01473841668133424	-0.001940674758639129	3.17751653287901e-09	1.111090386363145e-14	3.881183568976709e-14	0.04605722115803684	0.001313593565347736
cubic_unfrustrated	23	-0.01602987867156746	-0.003232136748872346	1.329597178884034e-10	-1.60288449180257e-15	3.175931739818338e-14	0.04660764480158445	0.001864017208895341
cubic_unfrustrated	24	-0.01693692621125469	-0.00413918428855958	6.035051951236436e-09	1.915134717478395e-15	1.160009588385691e-14	0.04692976188980361	0.002186134297114506
cubic_unfrustrated	25	-0.01731170202011192	-0.004513960097416805	2.645320811359153e-09	2.239528007486058e-15	4.081804338973427e-15	0.04697325986774464	0.002229632275055536
cubic_unfrustrated	26	-0.01710232918751706	-0.004304587264821948	-4.215914260058407e-09	-9.065664885454794e-15	-6.17735029795341e-15	0.04673749183345596	0.001993864240766849
cubic_unfrustrated	27	-0.01635951459317555	-0.003561772670480436	-2.373842490632772e-09	-2.784231178942775e-15	-2.756475603327146e-14	0.04627039134162599	0.001526763748936885
cubic_unfrustrated	28	-0.01522547763993908	-0.002427735717243969	-6.402187406086279e-09	-3.040536572518349e-15	2.767187520791303e-14	0.04565909761707225	0.0009154700243831429
cubic_unfrustrated	29	-0.01390754199608477	-0.001109800073389658	-1.133690491657291e-08	4.597017211338539e-16	-2.746761151861676e-14	0.04501428221990091	0.0002706546272117985
cubic_unfrustrated	30	-0.01264135769854388	0.0001563842241512313	-1.611025421573153e-09	-8.183557997920587e-16	6.024260951198457e-15	0.04445072585105975	-0.0002929017416293603
cubic_unfrustrated	31	-0.01165025289935658	0.001147489023338538	-8.5995402630476e-09	8.868773770931426e-16	-2.318891606511997e-15	0.04406764857457672	-0.0006759790181123868
cubic_unfrustrated	32	-0.01110751665689638	0.00169022526579873	-4.895691680176228e-09	-2.580401170515501e-15	2.445006003215511e-14	0.04393207120887069	-0.0008115563838184126
cubic_unfrustrated	33	-0.01110751245068827	0.001690229472006841	6.85858165053177e-09	-1.579899405745877e-15	-8.092918696300799e-15	0.04406764111672812	-0.0006759864759609893
cubic_unfrustrated	34	-0.0116502508144827	0.001147491108212412	7.823595646327952e-09	3.421308375495258e-15	3.331579803700357e-14	0.04445070911962323	-0.0002929184730658743
cubic_unfrustrated	35	-0.01264135468664715	0.0001563872360479633	5.715771157592531e-09	4.677248172102466e-15	-5.081482110091962e-14	0.04501425629824771	0.0002706287055586065
cubic_unfrustrated	36	-0.013907539608899	-0.001109797686203888	2.59451358921442e-09	-4.432652161989736e-15	7.900928175597066e-14	0.04565908223725557	0.0009154546445664588
cubic_unfrustrated	37	-0.01522548787812151	-0.002427745955426393	1.147685040753244e-09	-5.376341732921119e-15	-6.823404688494072e-14	0.04627036699896394	0.001526739406274832
cubic_unfrustrated	38	-0.01635953273281328	-0.003561790810118166	3.588060584758246e-09	-2.193557835372673e-15	7.350803993277921e-14	0.04673747213935955	0.001993844546670447
cubic_unfrustrated	39	-0.01710234777712324	-0.004304605854428128	2.497999879863544e-09	2.745199900733297e-15	-5.387270490819773e-14	0.04697326647359211	0.002229638880903002
cubic_unfrustrated	40	-0.01731172179625327	-0.004513979873558158	-3.788211352245829e-09	4.478188653234128e-15	4.87969040174896e-14	0.04692977497252191	0.002186147379832803
cubic_unfrustrated	41	-0.0169369548261243	-0.004139212903429185	-3.132462589663931e-09	3.392251757272646e-15	-4.228995625910059e-14	0.04660769320426945	0.001864065611580347
cubic_unfrustrated	42	-0.01602993416951246	-0.003232192246817346	-3.206450781972903e-09	3.530162273612802e-16	5.90959572943639e-14	0.04605729124779018	0.00131366365510107
cubic_unfrustrated	43	-0.01473852032762551	-0.001940778404930397	-8.748923410392684e-09	5.230191280070073e-16	-4.716019241790548e-14	0.04537094477245653	0.0006273171797674254
cubic_unfrustrated	44	-0.01328310237452208	-0.0004853604518269654	-6.896197983323471e-09	5.177715894921775e-15	4.757045451997399e-15	0.04466816099832729	-7.546659436181297e-05
cubic_unfrustrated	45	-0.01192033220876982	0.0008774097139252965	-4.405521136265078e-09	2.103352214621879e-16	-8.974158222097017e-15	0.04407568014792086	-0.0006679474447682451
cubic_unfrustrated	46	-0.01090009932155472	0.001897642601140394	-2.64449818813961e-09	-6.47355433147645e-15	-3.473046503166266e-14	0.04370608637571499	-0.001037541216974122
cubic_unfrustrated	47	-0.0104230668347403	0.002374675087954812	8.541287640703721e-09	-1.272853350497982e-15	-1.09578145168765e-14	0.04363830471168254	-0.001105322881006572
cubic_unfrustrated	48	-0.01060546669242092	0.002192275230274194	8.520895421540442e-09	9.662409761190816e-16	3.328153724835303e-14	0.04390313029441419	-0.0008404972982749143
cubic_unfrustrated	49	-0.011456525150548	0.001341216772147116	6.210248536774043e-09	1.65969668564081e-15	-4.030586628345212e-14	0.04447578612759231	-0.0002678414650967992
cubic_unfrustrated	50	-0.01287177677577662	-7.403485308151228e-05	6.538174467975166e-09	1.074227512498638e-15	3.812054838459034e-16	0.04527686606712431	0.0005332384744351978
cubic_unfrustrated	51	-0.01464318294740491	-0.001845441024709796	3.358056376370766e-10	-1.978452124351548e-15	4.659207047952307e-14	0.04618142909451256	0.001437801501823453
cubic_unfrustrated	52	-0.01648511131780409	-0.003687369395108976	-8.972714481136901e-10	-4.490331717565965e-15	-4.616012433400485e-14	0.04703558412107224	0.002291956528383134
cubic_unfrustrated	53	-0.01807331368957239	-0.005275571766877277	2.117854180222478e-09	-1.398187121637307e-15	5.235568922845601e-14	0.04767867564661658	0.002935048053927469
cubic_unfrustrated	54	-0.01909268885199927	-0.006294946929304161	4.888311790074429e-09	8.610299973010882e-15	-4.776821299623535e-14	0.04796931379256333	0.003225686199874227
cubic_unfrustrated	55	-0.01928844002818342	-0.006490698105488309	5.802612383642991e-10	1.078998002057574e-15	2.334764326317185e-14	0.04780989504162068	0.003066267448931577
cubic_unfrustrated	56	-0.01851397742542264	-0.005716235502727526	-1.487960556850743e-09	-1.29922114733283e-14	-7.434938081862796e-14	0.04715865472801983	0.002415027135330726
cubic_unfrustrated	57	-0.0167676894577667	-0.003969947535071589	7.784865356519344e-10	-2.216976602298359e-15	1.680565409056811e-13	0.04604149642231677	0.001297868829627659
cubic_unfrustrated	58	-0.01420418178714751	-0.001406439864452397	2.41348678022002e-10	1.454999315475547e-15	-1.26476520229124e-13	0.04458578046685414	-0.0001578471258349701
cubic_unfrustrated	59	-0.01110825743460262	0.001689484488092493	1.386706442382812e-09	5.60966204044e-15	5.738508626618177e-14	0.04298972964717671	-0.001753897945512395
cubic_unfrustrated	60	-0.007861325890899421	0.004936416031795692	8.937305982087418e-10	3.540570614468663e-15	-7.731055379212037e-14	0.04140664241626457	-0.003336985176424535
cubic_unfrustrated	61	-0.00490270533304386	0.007895036589651253	6.79065820935465e-10	1.847263661480802e-15	1.412821682561516e-13	0.04012865739721121	-0.004614970195477894
cubic_unfrustrated	62	-0.002619254067004844	0.01017848785569027	3.06562561794288e-10	-1.26179448833863e-15	-6.805233460083215e-14	0.03969556789558829	-0.005048059697100815
cubic_unfrustrated	63	-0.001156135619796485	0.01164160630289863	2.869972586406339e-11	-6.138210599526683e-16	-7.274725526834613e-15	0.03489504935683908	-0.009848578235850024
cubic_unfrustrated	64	-0.0003412141397981166	0.012456527782897	6.490722775876964e-11	-1.312860410662697e-15	2.921805592609461e-14	NaN	NaN
square	1	-0.0001137342535088102	0.004152179720722893	-2.513835984535064e-11	5.607561398730809e-16	4.626617285900109e-14	0.01163167992539207	-0.003282862605504295
square	2	-0.0003853673258623254	0.003880546648369378	-1.115071698713256e-11	-5.891690130557792e-16	-7.965577795889661e-14	0.0132318477930817	-0.001682694737814672
square	3	-0.0008730638881531841	0.00339285008607852	-1.691253902875132e-10	5.494194509070294e-17	1.067123006712883e-13	0.01337620637875593	-0.001538336152140437
square	4	-0.001634207447428297	0.002631706526803407	-6.66661756180964e-11	-9.453158741901113e-16	-8.386152015871229e-14	0.01380219868654037	-0.001112343844355997
square	5	-0.002620407185122989	0.001645506789108714	-7.062434274549001e-11	8.523997480081036e-16	4.162859293388443e-14	0.01432988964003228	-0.0005846528908640923
square	6	-0.00370271378906755	0.0005632001851641534	-1.752991957322536e-10	-1.38669457860896e-15	-2.195661187587294e-14	0.01486190386052344	-5.263867037292973e-05
square	7	-0.004734688912016169	-0.0004687749377844655	3.411423877761055e-10	2.989362229977033e-15	8.191797934431477e-15	0.01534714200976793	0.000432599478871561
square	8	-0.005589195887610985	-0.001323281913379281	1.014746763179641e-10	-1.58944038486375e-15	-2.874003118824575e-15	0.01571952923097546	0.000804986700079096
square	9	-0.006171296597086305	-0.001905382622854602	1.274010918463075e-10	5.702903427273753e-16	7.368237964211488e-16	0.01593661042750684	0.001022067896610471
square	10	-0.006429454650159663	-0.00216354067592796	-5.019576373478662e-10	5.397158414632841e-16	-1.365877896897238e-15	0.01598975048253217	0.001075207951635807
square	11	-0.006364204953723538	-0.002098290979491834	-2.409471072314928e-09	1.028907861688744e-15	-6.26864012087669e-15	0.01589287161906861	0.0009783290881722438
square	12	-0.006024412705338215	-0.001758498731106511	-2.166577742299808e-09	-5.022024462952857e-16	1.563853213593092e-14	0.01567850618790581	0.0007639636570094428
square	13	-0.005495006484245122	-0.001229092510013418	-1.116552529253911e-09	-1.865911938847553e-15	-3.780374450979007e-14	0.01539378593064528	0.000479243399748917
square	14	-0.004881022383185309	-0.000615108408953605	-1.719210428099277e-09	-9.603862843876598e-16	5.405029722405086e-14	0.01509225994943201	0.0001777174185356445
square	15	-0.00429054445532776	-2.463048109605653e-05	-2.206782521909506e-09	-2.239311167051561e-15	-6.447164850598153e-14	0.01482522961178789	-8.931291910847794e-05
square	16	-0.003818787331579285	0.0004471266426524182	-1.974673502404961e-09	-1.830133267155531e-15	4.828949740076638e-14	0.01463434170613709	-0.000280200824759276
square	17	-0.003535097680375144	0.0007308162938565593	-1.064217512508278e-09	2.089582847031313e-15	-3.291605269600817e-14	0.01454606821292136	-0.000368474317975008
square	18	-0.003474296588622454	0.0007916173856092495	-7.182465598838672e-10	3.012997837337217e-16	2.405378413811166e-14	0.01456866158571383	-0.0003458809451825345
square	19	-0.00363330795334961	0.0006326060208820938	8.965136411021035e-10	1.799775606325937e-16	-1.411175863663683e-14	0.01469185955314913	-0.0002226829777472426
square	20	-0.003973390049033606	0.0002925239251980972	1.649728170911857e-09	1.433965793329328e-15	-1.994715156938831e-15	0.01488935426475017	-2.518826614619427e-05
square	21	-0.004427654272415707	-0.0001617402981840032	-5.722138934557974e-10	1.354385353868892e-15	5.006845632538059e-15	0.01512362049186083	0.0002090779609644593
square	22	-0.004912805560444747	-0.0006468915862130435	1.059172177481776e-09	3.703417780775986e-15	1.293735084340053e-14	0.01535240705267895	0.000437864521782582
square	23	-0.005343292890522485	-0.001077378916290781	4.431990581824086e-11	-5.342948306008566e-16	1.058615001214847e-14	0.01553588160052815	0.0006213390696317815
square	24	-0.005645642070418231	-0.001379728096186528	2.01168398432372e-09	6.385950795939621e-16	3.866481787517806e-15	0.01564325396326787	0.0007287114323715031
square	25	-0.005770567340037305	-0.001504653365805601	8.817736037863844e-10	7.463647755390213e-16	1.360023205165817e-15	0.01565775328924821	0.0007432107583518442
square	26	-0.005700776395839021	-0.001434862421607317	-1.405304752774561e-09	-3.021671454717101e-15	-2.059333606418967e-15	0.01557916394448532	0.0006646214135889502
square	27	-0.005453171531058516	-0.001187257556826813	-7.912808303554841e-10	-9.282939000820889e-16	-9.188179730945656e-15	0.015423463780542	0.0005089212496456295
square	28	-0.005075159213313028	-0.0008092452390813243	-2.134062468839987e-09	-1.01351219083945e-15	9.223958402637678e-15	0.01521969920569075	0.000305156674794381
square	29	-0.004635847332028258	-0.0003699333577965539	-3.778968305379743e-09	1.535230276239474e-16	-9.155870506205588e-15	0.01500476073996697	9.021820907059719e-05
square	30	-0.004213785899514627	5.212807471707652e-05	-5.370084737131575e-10	-2.727852665973529e-16	2.008376104312148e-15	0.01481690861701992	-9.763391387645169e-05
square	31	-0.003883417633118859	0.000382496341112845	-2.866513420943587e-09	2.954450920023e-16	-7.729277287649161e-16	0.01468921619152557	-0.000225326339370795
square	32	-0.003702505552298794	0.0005634084219329092	-1.631897226508569e-09	-8.600975834327507e-16	8.149839310356288e-15	0.01464402373629023	-0.0002705187946061369
square	33	-0.003702504150229424	0.0005634098240022796	2.28619388329375e-09	-5.267054153934581e-16	-2.697711845578432e-15	0.01468921370557604	-0.0002253288253203298
square	34	-0.0038834169381609	0.0003824970360708033	2.607865215659491e-09	1.140472265237502e-15	1.110537443255177e-14	0.01481690303987441	-9.763949102195753e-05
square	35	-0.00421378489554905	5.212907868265386e-05	1.905257052819964e-09	1.559299564468652e-15	-1.693849054074104e-14	0.0150047520994159	9.020956851953608e-05
square	36	-0.004635846536299667	-0.0003699325620679633	8.648378632160336e-10	-1.47798440153224e-15	2.633657181227989e-14	0.01521969407908519	0.0003051515481888225
square	37	-0.005075162626040502	-0.0008092486518087982	3.825616802510812e-10	-1.792186191118539e-15	-2.274461001483541e-14	0.01542345566632131	0.0005089131354249436
square	38	-0.005453177577604426	-0.001187263603372722	1.196020195642217e-09	-7.309691046897271e-16	2.45027522577379e-14	0.01557915737978652	0.00066461484889015
square	39	-0.005700782592374413	-0.001434868618142709	8.326666266211813e-10	9.148497931432686e-16	-1.795764058287741e-14	0.01565775549119737	0.000743212960301002
square	40	-0.005770573932084423	-0.001504659957852719	-1.262737117559837e-09	1.492729551078043e-15	1.626563467249653e-14	0.01564325832417397	0.0007287157932776012
square	41	-0.005645651608708099	-0.001379737634476396	-1.044154197132885e-09	1.131039706336878e-15	-1.409679664665653e-14	0.01553589773475649	0.0006213552038601185
square	42	-0.005343311389837487	-0.001077397415605783	-1.068816927324301e-09	1.175275154974287e-16	1.969865243145463e-14	0.01535243041593006	0.0004378878850336901
square	43	-0.004912840109208503	-0.0006469261349767996	-2.916307803319668e-09	1.743397093356691e-16	-1.572006413930183e-14	0.01512364825748551	0.0002091057265891424
square	44	-0.004427700791507359	-0.0001617868172756557	-2.298732661252384e-09	1.726049858596923e-15	1.585537257042802e-15	0.01488938699944243	-2.515553145393881e-05
square	45	-0.003973444069589939	0.0002924699046417643	-1.468507045132572e-09	7.003946034256359e-17	-2.991313793887507e-15	0.01469189338264029	-0.0002226491482560794
square	46	-0.003633366440518239	0.0006325475337134647	-8.814993958296963e-10	-2.157887583897899e-15	-1.157700237758297e-14	0.01456869545857166	-0.0003458470723247051
square	47	-0.003474355611580101	0.0007915583626516031	2.847095879800893e-09	-4.243567303108264e-16	-3.652460278669167e-15	0.01454610157056085	-0.0003684409603355223
square	48	-0.003535155564140306	0.0007307584100913972	2.840298473846814e-09	3.220080452281948e-16	1.109377346930618e-14	0.01463437676480473	-0.0002801657660916369
square	49	-0.003818841716849332	0.0004470722573823712	2.070082845591348e-09	5.532683686193529e-16	-1.343532490122312e-14	0.01482526204253077	-8.928048836559857e-05
square	50	-0.004290592258592209	-2.467828436050496e-05	2.179391489325055e-09	3.582203977892107e-16	1.270684946153011e-16	0.01509228868904144	0.0001777461581450677
square	51	-0.004881060982468302	-0.0006151470082365988	1.119352128348128e-10	-6.594117613056838e-16	1.553076243998586e-14	0.01539380969817085	0.0004792671672744844
square	52	-0.005495037105934696	-0.001229123131702993	-2.990904828491237e-10	-1.496849519333487e-15	-1.538678039147978e-14	0.01567852804035742	0.000763985509461048
square	53	-0.00602443789652413	-0.001758523922292426	7.059513928292516e-10	-4.662069341687669e-16	1.745175184919567e-14	0.01589289188220553	0.0009783493513091587
square	54	-0.006364229617333092	-0.002098315643101388	1.629437263502703e-09	2.870099991003627e-15	-1.592302678599111e-14	0.01598977126418778	0.001075228733291411
square	55	-0.006429480009394473	-0.00216356603516277	1.934204124989791e-10	3.599551212651875e-16	7.782403194100951e-15	0.01593663168054023	0.00102208914964386
square	56	-0.006171325808474213	-0.001905411834242509	-4.959868518499e-10	-4.330737157776099e-15	-2.478312693954265e-14	0.01571955157600661	0.0008050090451102408
square	57	-0.005589229819255567	-0.001323315845023864	2.594955118839781e-10	-7.387753603316227e-16	5.601877468841554e-14	0.01534716547410559	0.0004326229432092196
square	58	-0.004734727262382503	-0.0004688132881507994	8.044955934066733e-11	4.848552115355176e-16	-4.215898463666434e-14	0.01486192682228471	-5.261570861165438e-05
square	59	-0.003702752478200873	0.0005631614960308305	4.622354807942708e-10	1.869815066668501e-15	1.912814524829276e-14	0.01432990988239224	-0.0005846326485041322
square	60	-0.002620441963633141	0.001645472010598563	2.979101988969529e-10	1.180154064750472e-15	-2.577007617715621e-14	0.01380221413875485	-0.001112328392141513
square	61	-0.00163423511101462	0.002631678863217084	2.263552737174351e-10	6.15718413754518e-16	4.709405608538386e-14	0.01337621913240374	-0.001538323398492631
square	62	-0.0008730846890016145	0.003392829285230089	1.021875206523061e-10	-4.20534917652815e-16	-2.268408442855641e-14	0.0132318559651961	-0.001682686565700271
square	63	-0.0003853785399321617	0.003880535434299542	9.566575260916074e-12	-2.046025024751708e-16	-2.424885921399611e-15	0.01163168311894636	-0.003282859411950008
square	64	-0.0001137380465993722	0.004152175927632331	2.163574259529157e-11	-4.376178781330398e-16	9.739347457855818e-15	NaN	NaN
