branch	seed	rung	charge_even	charge_odd	spin_even	spin_odd
square__legacy_pairing_mixed_chi200_loose	legacy pairing	1	0	0	0	0
square__legacy_pairing_mixed_chi200_loose	legacy pairing	2	0	0	0	0
square__legacy_pairing_mixed_chi200_loose	legacy pairing	3	0	0	0	0
square__legacy_pairing_mixed_chi200_loose	legacy pairing	4	0	0	0	0
square__legacy_pairing_mixed_chi200_loose	legacy pairing	5	0	0	0	0
square__legacy_pairing_mixed_chi200_loose	legacy pairing	6	0	0	0	0
square__legacy_pairing_mixed_chi200_loose	legacy pairing	7	0	0	0	0
square__legacy_pairing_mixed_chi200_loose	legacy pairing	8	0	0	0	0
square__legacy_pairing_mixed_chi200_loose	legacy pairing	9	0	0	0	0
square__legacy_pairing_mixed_chi200_loose	legacy pairing	10	0	0	0	0
square__legacy_pairing_mixed_chi200_loose	legacy pairing	11	0	0	0	0
square__legacy_pairing_mixed_chi200_loose	legacy pairing	12	0	0	0	0
square__legacy_pairing_mixed_chi200_loose	legacy pairing	13	0	0	0	0
square__legacy_pairing_mixed_chi200_loose	legacy pairing	14	0	0	0	0
square__legacy_pairing_mixed_chi200_loose	legacy pairing	15	0	0	0	0
square__legacy_pairing_mixed_chi200_loose	legacy pairing	16	0	0	0	0
square__legacy_pairing_mixed_chi200_loose	legacy pairing	17	0	0	0	0
square__legacy_pairing_mixed_chi200_loose	legacy pairing	18	0	0	0	0
square__legacy_pairing_mixed_chi200_loose	legacy pairing	19	0	0	0	0
square__legacy_pairing_mixed_chi200_loose	legacy pairing	20	0	0	0	0
square__legacy_pairing_mixed_chi200_loose	legacy pairing	21	0	0	0	0
square__legacy_pairing_mixed_chi200_loose	legacy pairing	22	0	0	0	0
square__legacy_pairing_mixed_chi200_loose	legacy pairing	23	0	0	0	0
square__legacy_pairing_mixed_chi200_loose	legacy pairing	24	0	0	0	0
square__legacy_pairing_mixed_chi200_loose	legacy pairing	25	0	0	0	0
square__legacy_pairing_mixed_chi200_loose	legacy pairing	26	0	0	0	0
square__legacy_pairing_mixed_chi200_loose	legacy pairing	27	0	0	0	0
square__legacy_pairing_mixed_chi200_loose	legacy pairing	28	0	0	0	0
square__legacy_pairing_mixed_chi200_loose	legacy pairing	29	0	0	0	0
square__legacy_pairing_mixed_chi200_loose	legacy pairing	30	0	0	0	0
square__legacy_pairing_mixed_chi200_loose	legacy pairing	31	0	0	0	0
square__legacy_pairing_mixed_chi200_loose	legacy pairing	32	0	0	0	0
square__legacy_pairing_mixed_chi200_loose	legacy pairing	33	0	0	0	0
square__legacy_pairing_mixed_chi200_loose	legacy pairing	34	0	0	0	0
square__legacy_pairing_mixed_chi200_loose	legacy pairing	35	0	0	0	0
square__legacy_pairing_mixed_chi200_loose	legacy pairing	36	0	0	0	0
square__legacy_pairing_mixed_chi200_loose	legacy pairing	37	0	0	0	0
square__legacy_pairing_mixed_chi200_loose	legacy pairing	38	0	0	0	0
square__legacy_pairing_mixed_chi200_loose	legacy pairing	39	0	0	0	0
square__legacy_pairing_mixed_chi200_loose	legacy pairing	40	0	0	0	0
square__legacy_pairing_mixed_chi200_loose	legacy pairing	41	0	0	0	0
square__legacy_pairing_mixed_chi200_loose	legacy pairing	42	0	0	0	0
square__legacy_pairing_mixed_chi200_loose	legacy pairing	43	0	0	0	0
square__legacy_pairing_mixed_chi200_loose	legacy pairing	44	0	0	0	0
square__legacy_pairing_mixed_chi200_loose	legacy pairing	45	0	0	0	0
square__legacy_pairing_mixed_chi200_loose	legacy pairing	46	0	0	0	0
square__legacy_pairing_mixed_chi200_loose	legacy pairing	47	0	0	0	0
square__legacy_pairing_mixed_chi200_loose	legacy pairing	48	0	0	0	0
square__legacy_pairing_mixed_chi200_loose	legacy pairing	49	0	0	0	0
square__legacy_pairing_mixed_chi200_loose	legacy pairing	50	0	0	0	0
square__legacy_pairing_mixed_chi200_loose	legacy pairing	51	0	0	0	0
square__legacy_pairing_mixed_chi200_loose	legacy pairing	52	0	0	0	0
square__legacy_pairing_mixed_chi200_loose	legacy pairing	53	0	0	0	0
square__legacy_pairing_mixed_chi200_loose	legacy pairing	54	0	0	0	0
square__legacy_pairing_mixed_chi200_loose	legacy pairing	55	0	0	0	0
square__legacy_pairing_mixed_chi200_loose	legacy pairing	56	0	0	0	0
square__legacy_pairing_mixed_chi200_loose	legacy pairing	57	0	0	0	0
square__legacy_pairing_mixed_chi200_loose	legacy pairing	58	0	0	0	0
square__legacy_pairing_mixed_chi200_loose	legacy pairing	59	0	0	0	0
square__legacy_pairing_mixed_chi200_loose	legacy pairing	60	0	0	0	0
square__legacy_pairing_mixed_chi200_loose	legacy pairing	61	0	0	0	0
square__legacy_pairing_mixed_chi200_loose	legacy pairing	62	0	0	0	0
square__legacy_pairing_mixed_chi200_loose	legacy pairing	63	0	0	0	0
square__legacy_pairing_mixed_chi200_loose	legacy pairing	64	0	0	0	0
square__pairing_dwave_m000_chi200_loose	d-wave, q=0	1	0	0	0	0
square__pairing_dwave_m000_chi200_loose	d-wave, q=0	2	0	0	0	0
square__pairing_dwave_m000_chi200_loose	d-wave, q=0	3	0	0	0	0
square__pairing_dwave_m000_chi200_loose	d-wave, q=0	4	0	0	0	0
square__pairing_dwave_m000_chi200_loose	d-wave, q=0	5	0	0	0	0
square__pairing_dwave_m000_chi200_loose	d-wave, q=0	6	0	0	0	0
square__pairing_dwave_m000_chi200_loose	d-wave, q=0	7	0	0	0	0
square__pairing_dwave_m000_chi200_loose	d-wave, q=0	8	0	0	0	0
square__pairing_dwave_m000_chi200_loose	d-wave, q=0	9	0	0	0	0
square__pairing_dwave_m000_chi200_loose	d-wave, q=0	10	0	0	0	0
square__pairing_dwave_m000_chi200_loose	d-wave, q=0	11	0	0	0	0
square__pairing_dwave_m000_chi200_loose	d-wave, q=0	12	0	0	0	0
square__pairing_dwave_m000_chi200_loose	d-wave, q=0	13	0	0	0	0
square__pairing_dwave_m000_chi200_loose	d-wave, q=0	14	0	0	0	0
square__pairing_dwave_m000_chi200_loose	d-wave, q=0	15	0	0	0	0
square__pairing_dwave_m000_chi200_loose	d-wave, q=0	16	0	0	0	0
square__pairing_dwave_m000_chi200_loose	d-wave, q=0	17	0	0	0	0
square__pairing_dwave_m000_chi200_loose	d-wave, q=0	18	0	0	0	0
square__pairing_dwave_m000_chi200_loose	d-wave, q=0	19	0	0	0	0
square__pairing_dwave_m000_chi200_loose	d-wave, q=0	20	0	0	0	0
square__pairing_dwave_m000_chi200_loose	d-wave, q=0	21	0	0	0	0
square__pairing_dwave_m000_chi200_loose	d-wave, q=0	22	0	0	0	0
square__pairing_dwave_m000_chi200_loose	d-wave, q=0	23	0	0	0	0
square__pairing_dwave_m000_chi200_loose	d-wave, q=0	24	0	0	0	0
square__pairing_dwave_m000_chi200_loose	d-wave, q=0	25	0	0	0	0
square__pairing_dwave_m000_chi200_loose	d-wave, q=0	26	0	0	0	0
square__pairing_dwave_m000_chi200_loose	d-wave, q=0	27	0	0	0	0
square__pairing_dwave_m000_chi200_loose	d-wave, q=0	28	0	0	0	0
square__pairing_dwave_m000_chi200_loose	d-wave, q=0	29	0	0	0	0
square__pairing_dwave_m000_chi200_loose	d-wave, q=0	30	0	0	0	0
square__pairing_dwave_m000_chi200_loose	d-wave, q=0	31	0	0	0	0
square__pairing_dwave_m000_chi200_loose	d-wave, q=0	32	0	0	0	0
square__pairing_dwave_m000_chi200_loose	d-wave, q=0	33	0	0	0	0
square__pairing_dwave_m000_chi200_loose	d-wave, q=0	34	0	0	0	0
square__pairing_dwave_m000_chi200_loose	d-wave, q=0	35	0	0	0	0
square__pairing_dwave_m000_chi200_loose	d-wave, q=0	36	0	0	0	0
square__pairing_dwave_m000_chi200_loose	d-wave, q=0	37	0	0	0	0
square__pairing_dwave_m000_chi200_loose	d-wave, q=0	38	0	0	0	0
square__pairing_dwave_m000_chi200_loose	d-wave, q=0	39	0	0	0	0
square__pairing_dwave_m000_chi200_loose	d-wave, q=0	40	0	0	0	0
square__pairing_dwave_m000_chi200_loose	d-wave, q=0	41	0	0	0	0
square__pairing_dwave_m000_chi200_loose	d-wave, q=0	42	0	0	0	0
square__pairing_dwave_m000_chi200_loose	d-wave, q=0	43	0	0	0	0
square__pairing_dwave_m000_chi200_loose	d-wave, q=0	44	0	0	0	0
square__pairing_dwave_m000_chi200_loose	d-wave, q=0	45	0	0	0	0
square__pairing_dwave_m000_chi200_loose	d-wave, q=0	46	0	0	0	0
square__pairing_dwave_m000_chi200_loose	d-wave, q=0	47	0	0	0	0
square__pairing_dwave_m000_chi200_loose	d-wave, q=0	48	0	0	0	0
square__pairing_dwave_m000_chi200_loose	d-wave, q=0	49	0	0	0	0
square__pairing_dwave_m000_chi200_loose	d-wave, q=0	50	0	0	0	0
square__pairing_dwave_m000_chi200_loose	d-wave, q=0	51	0	0	0	0
square__pairing_dwave_m000_chi200_loose	d-wave, q=0	52	0	0	0	0
square__pairing_dwave_m000_chi200_loose	d-wave, q=0	53	0	0	0	0
square__pairing_dwave_m000_chi200_loose	d-wave, q=0	54	0	0	0	0
square__pairing_dwave_m000_chi200_loose	d-wave, q=0	55	0	0	0	0
square__pairing_dwave_m000_chi200_loose	d-wave, q=0	56	0	0	0	0
square__pairing_dwave_m000_chi200_loose	d-wave, q=0	57	0	0	0	0
square__pairing_dwave_m000_chi200_loose	d-wave, q=0	58	0	0	0	0
square__pairing_dwave_m000_chi200_loose	d-wave, q=0	59	0	0	0	0
square__pairing_dwave_m000_chi200_loose	d-wave, q=0	60	0	0	0	0
square__pairing_dwave_m000_chi200_loose	d-wave, q=0	61	0	0	0	0
square__pairing_dwave_m000_chi200_loose	d-wave, q=0	62	0	0	0	0
square__pairing_dwave_m000_chi200_loose	d-wave, q=0	63	0	0	0	0
square__pairing_dwave_m000_chi200_loose	d-wave, q=0	64	0	0	0	0
square__stripe_m004_chi200_loose	stripe, m=4	1	0.0001916071155079757	0	0	-0.0009580355775398782
square__stripe_m004_chi200_loose	stripe, m=4	2	0.0001763225780682086	0	0	0.0009387386002139614
square__stripe_m004_chi200_loose	stripe, m=4	3	0.000132869365308066	0	0	-0.0008816128903410432
square__stripe_m004_chi200_loose	stripe, m=4	4	6.80716989722025e-05	0	0	0.0007889237693344555
square__stripe_m004_chi200_loose	stripe, m=4	5	-7.894104494082809e-06	0	0	-0.0006643468265403298
square__stripe_m004_chi200_loose	stripe, m=4	6	-8.309779977782838e-05	0	0	0.0005128221636527496
square__stripe_m004_chi200_loose	stripe, m=4	7	-0.0001457288288089878	0	0	-0.0003403584948610127
square__stripe_m004_chi200_loose	stripe, m=4	8	-0.0001859511402795987	0	0	0.0001537948711424249
square__stripe_m004_chi200_loose	stripe, m=4	9	-0.0001974479176616597	0	0	3.947052247041395e-05
square__stripe_m004_chi200_loose	stripe, m=4	10	-0.0001784136199325267	0	0	-0.0002317737420968748
square__stripe_m004_chi200_loose	stripe, m=4	11	-0.0001318375374163557	0	0	0.0004154889988891421
square__stripe_m004_chi200_loose	stripe, m=4	12	-6.503433098395915e-05	0	0	-0.0005833310598743025
square__stripe_m004_chi200_loose	stripe, m=4	13	1.150471770811296e-05	0	0	0.0007286441440449388
square__stripe_m004_chi200_loose	stripe, m=4	14	8.575933657358712e-05	0	0	-0.0008456658575167334
square__stripe_m004_chi200_loose	stripe, m=4	15	0.0001460680176935911	0	0	0.0009297557013979934
square__stripe_m004_chi200_loose	stripe, m=4	16	0.0001829594288708401	0	0	-0.0009775790908859794
square__stripe_m004_chi200_loose	stripe, m=4	17	0.0001906398633951663	0	0	0.0009872395883082981
square__stripe_m004_chi200_loose	stripe, m=4	18	0.0001679031276399068	0	0	-0.0009583541064048893
square__stripe_m004_chi200_loose	stripe, m=4	19	0.0001183199708474708	0	0	0.0008920680996626334
square__stripe_m004_chi200_loose	stripe, m=4	20	4.967730761538941e-05	0	0	-0.0007910101412898379
square__stripe_m004_chi200_loose	stripe, m=4	21	-2.724469816776362e-05	0	0	0.0006591876870817787
square__stripe_m004_chi200_loose	stripe, m=4	22	-0.0001003656319327491	0	0	-0.0005018281596637457
square__stripe_m004_chi200_loose	stripe, m=4	23	-0.0001582020282579675	0	0	0.0003251716549197962
square__stripe_m004_chi200_loose	stripe, m=4	24	-0.0001916708212809778	0	0	-0.0001362234908388188
square__stripe_m004_chi200_loose	stripe, m=4	25	-0.000195515818177196	0	0	-5.752358854056464e-05
square__stripe_m004_chi200_loose	stripe, m=4	26	-0.0001691331715033468	0	0	0.0002483865380769464
square__stripe_m004_chi200_loose	stripe, m=4	27	-0.0001166662119748607	0	0	-0.0004287966828679355
square__stripe_m004_chi200_loose	stripe, m=4	28	-4.635474841937511e-05	0	0	0.0005915998542373538
square__stripe_m004_chi200_loose	stripe, m=4	29	3.075897422848481e-05	0	0	-0.0007303400884679555
square__stripe_m004_chi200_loose	stripe, m=4	30	0.0001025644327305498	0	0	0.0008395156381995343
square__stripe_m004_chi200_loose	stripe, m=4	31	0.0001577847538668911	0	0	-0.0009147971443542009
square__stripe_m004_chi200_loose	stripe, m=4	32	0.0001877477200427923	0	0	0.0009531993169758317
square__stripe_m004_chi200_loose	stripe, m=4	33	0.0001877477200427923	0	0	-0.0009531993169758317
square__stripe_m004_chi200_loose	stripe, m=4	34	0.0001577847538668912	0	0	0.0009147971443542011
square__stripe_m004_chi200_loose	stripe, m=4	35	0.00010256443273055	0	0	-0.0008395156381995345
square__stripe_m004_chi200_loose	stripe, m=4	36	3.075897422848481e-05	0	0	0.0007303400884679555
square__stripe_m004_chi200_loose	stripe, m=4	37	-4.635474841937478e-05	0	0	-0.0005915998542373544
square__stripe_m004_chi200_loose	stripe, m=4	38	-0.0001166662119748602	0	0	0.0004287966828679368
square__stripe_m004_chi200_loose	stripe, m=4	39	-0.0001691331715033466	0	0	-0.000248386538076947
square__stripe_m004_chi200_loose	stripe, m=4	40	-0.000195515818177196	0	0	5.752358854056464e-05
square__stripe_m004_chi200_loose	stripe, m=4	41	-0.0001916708212809779	0	0	0.0001362234908388181
square__stripe_m004_chi200_loose	stripe, m=4	42	-0.0001582020282579678	0	0	-0.000325171654919795
square__stripe_m004_chi200_loose	stripe, m=4	43	-0.0001003656319327493	0	0	0.0005018281596637453
square__stripe_m004_chi200_loose	stripe, m=4	44	-2.724469816776362e-05	0	0	-0.0006591876870817787
square__stripe_m004_chi200_loose	stripe, m=4	45	4.967730761538919e-05	0	0	0.0007910101412898374
square__stripe_m004_chi200_loose	stripe, m=4	46	0.0001183199708474705	0	0	-0.0008920680996626327
square__stripe_m004_chi200_loose	stripe, m=4	47	0.0001679031276399068	0	0	0.0009583541064048893
square__stripe_m004_chi200_loose	stripe, m=4	48	0.0001906398633951663	0	0	-0.0009872395883082981
square__stripe_m004_chi200_loose	stripe, m=4	49	0.0001829594288708402	0	0	0.0009775790908859799
square__stripe_m004_chi200_loose	stripe, m=4	50	0.0001460680176935914	0	0	-0.0009297557013979937
square__stripe_m004_chi200_loose	stripe, m=4	51	8.575933657358734e-05	0	0	0.0008456658575167336
square__stripe_m004_chi200_loose	stripe, m=4	52	1.150471770811296e-05	0	0	-0.0007286441440449388
square__stripe_m004_chi200_loose	stripe, m=4	53	-6.503433098395894e-05	0	0	0.0005833310598743031
square__stripe_m004_chi200_loose	stripe, m=4	54	-0.0001318375374163554	0	0	-0.0004154889988891434
square__stripe_m004_chi200_loose	stripe, m=4	55	-0.0001784136199325266	0	0	0.0002317737420968754
square__stripe_m004_chi200_loose	stripe, m=4	56	-0.0001974479176616597	0	0	-3.947052247041395e-05
square__stripe_m004_chi200_loose	stripe, m=4	57	-0.0001859511402795987	0	0	-0.0001537948711424242
square__stripe_m004_chi200_loose	stripe, m=4	58	-0.0001457288288089882	0	0	0.0003403584948610114
square__stripe_m004_chi200_loose	stripe, m=4	59	-8.309779977782862e-05	0	0	-0.0005128221636527489
square__stripe_m004_chi200_loose	stripe, m=4	60	-7.894104494082809e-06	0	0	0.0006643468265403298
square__stripe_m004_chi200_loose	stripe, m=4	61	6.807169897220228e-05	0	0	-0.0007889237693344551
square__stripe_m004_chi200_loose	stripe, m=4	62	0.0001328693653080655	0	0	0.0008816128903410426
square__stripe_m004_chi200_loose	stripe, m=4	63	0.0001763225780682085	0	0	-0.0009387386002139613
square__stripe_m004_chi200_loose	stripe, m=4	64	0.0001916071155079757	0	0	0.0009580355775398782
square__stripe_m005_chi200_loose	stripe, m=5	1	0.0001916071155079756	0	0	-0.0009730085108210397
square__stripe_m005_chi200_loose	stripe, m=5	2	0.000167903127639907	0	0	0.0009429204471442497
square__stripe_m005_chi200_loose	stripe, m=5	3	0.0001025644327305499	0	0	-0.0008545170652758765
square__stripe_m005_chi200_loose	stripe, m=5	4	1.150471770811301e-05	0	0	0.000713265710163715
square__stripe_m005_chi200_loose	stripe, m=5	5	-8.30977997778284e-05	0	0	-0.0005279021322555414
square__stripe_m005_chi200_loose	stripe, m=5	6	-0.0001582020282579675	0	0	0.0003098902212777728
square__stripe_m005_chi200_loose	stripe, m=5	7	-0.0001955158181771959	0	0	-7.271301707404363e-05
square__stripe_m005_chi200_loose	stripe, m=5	8	-0.0001859511402795987	0	0	-0.0001689611547584874
square__stripe_m005_chi200_loose	stripe, m=5	9	-0.0001318375374163557	0	0	0.0004001858517370157
square__stripe_m005_chi200_loose	stripe, m=5	10	-4.635474841937511e-05	0	0	-0.0006066608836186713
square__stripe_m005_chi200_loose	stripe, m=5	11	4.96773076153893e-05	0	0	0.0007756167137800175
square__stripe_m005_chi200_loose	stripe, m=5	12	0.000132869365308066	0	0	-0.0008966041966690383
square__stripe_m005_chi200_loose	stripe, m=5	13	0.0001829594288708402	0	0	0.0009621408096792507
square__stripe_m005_chi200_loose	stripe, m=5	14	0.0001877477200427923	0	0	-0.0009681734129593939
square__stripe_m005_chi200_loose	stripe, m=5	15	0.0001460680176935912	0	0	0.0009143289175804169
square__stripe_m005_chi200_loose	stripe, m=5	16	6.807169897220255e-05	0	0	-0.0008039373593798075
square__stripe_m005_chi200_loose	stripe, m=5	17	-2.724469816776362e-05	0	0	0.000643825951471493
square__stripe_m005_chi200_loose	stripe, m=5	18	-0.0001166662119748604	0	0	-0.0004438968523318891
square__stripe_m005_chi200_loose	stripe, m=5	19	-0.0001784136199325265	0	0	0.000216514762575341
square__stripe_m005_chi200_loose	stripe, m=5	20	-0.0001974479176616597	0	0	2.425777524180055e-05
square__stripe_m005_chi200_loose	stripe, m=5	21	-0.0001691331715033467	0	0	-0.0002635300805778983
square__stripe_m005_chi200_loose	stripe, m=5	22	-0.0001003656319327492	0	0	0.0004865042554105195
square__stripe_m005_chi200_loose	stripe, m=5	23	-7.894104494082809e-06	0	0	-0.0006793903665663508
square__stripe_m005_chi200_loose	stripe, m=5	24	8.575933657358712e-05	0	0	0.0008302592900340758
square__stripe_m005_chi200_loose	stripe, m=5	25	0.000157784753866891	0	0	-0.0009297804727390552
square__stripe_m005_chi200_loose	stripe, m=5	26	0.0001906398633951664	0	0	0.0009717989845874301
square__stripe_m005_chi200_loose	stripe, m=5	27	0.0001763225780682088	0	0	-0.0009537161727492655
square__stripe_m005_chi200_loose	stripe, m=5	28	0.0001183199708474708	0	0	0.000876650376453851
square__stripe_m005_chi200_loose	stripe, m=5	29	3.075897422848486e-05	0	0	-0.0007453677628219292
square__stripe_m005_chi200_loose	stripe, m=5	30	-6.503433098395894e-05	0	0	0.0005679875612223784
square__stripe_m005_chi200_loose	stripe, m=5	31	-0.0001457288288089877	0	0	-0.0003554799260605793
square__stripe_m005_chi200_loose	stripe, m=5	32	-0.0001916708212809778	0	0	0.0001209874828890216
square__stripe_m005_chi200_loose	stripe, m=5	33	-0.0001916708212809779	0	0	0.0001209874828890204
square__stripe_m005_chi200_loose	stripe, m=5	34	-0.0001457288288089877	0	0	-0.0003554799260605794
square__stripe_m005_chi200_loose	stripe, m=5	35	-6.503433098395948e-05	0	0	0.0005679875612223775
square__stripe_m005_chi200_loose	stripe, m=5	36	3.075897422848486e-05	0	0	-0.0007453677628219295
square__stripe_m005_chi200_loose	stripe, m=5	37	0.0001183199708474705	0	0	0.0008766503764538506
square__stripe_m005_chi200_loose	stripe, m=5	38	0.0001763225780682086	0	0	-0.0009537161727492655
square__stripe_m005_chi200_loose	stripe, m=5	39	0.0001906398633951665	0	0	0.0009717989845874304
square__stripe_m005_chi200_loose	stripe, m=5	40	0.0001577847538668913	0	0	-0.0009297804727390559
square__stripe_m005_chi200_loose	stripe, m=5	41	8.575933657358734e-05	0	0	0.0008302592900340763
square__stripe_m005_chi200_loose	stripe, m=5	42	-7.894104494082809e-06	0	0	-0.000679390366566351
square__stripe_m005_chi200_loose	stripe, m=5	43	-0.0001003656319327488	0	0	0.0004865042554105208
square__stripe_m005_chi200_loose	stripe, m=5	44	-0.0001691331715033466	0	0	-0.0002635300805778991
square__stripe_m005_chi200_loose	stripe, m=5	45	-0.0001974479176616597	0	0	2.425777524180065e-05
square__stripe_m005_chi200_loose	stripe, m=5	46	-0.0001784136199325268	0	0	0.0002165147625753396
square__stripe_m005_chi200_loose	stripe, m=5	47	-0.0001166662119748606	0	0	-0.0004438968523318884
square__stripe_m005_chi200_loose	stripe, m=5	48	-2.724469816776416e-05	0	0	0.0006438259514714917
square__stripe_m005_chi200_loose	stripe, m=5	49	6.807169897220234e-05	0	0	-0.000803937359379807
square__stripe_m005_chi200_loose	stripe, m=5	50	0.0001460680176935912	0	0	0.0009143289175804167
square__stripe_m005_chi200_loose	stripe, m=5	51	0.0001877477200427921	0	0	-0.0009681734129593936
square__stripe_m005_chi200_loose	stripe, m=5	52	0.0001829594288708403	0	0	0.0009621408096792507
square__stripe_m005_chi200_loose	stripe, m=5	53	0.0001328693653080663	0	0	-0.0008966041966690386
square__stripe_m005_chi200_loose	stripe, m=5	54	4.967730761538919e-05	0	0	0.0007756167137800171
square__stripe_m005_chi200_loose	stripe, m=5	55	-4.635474841937478e-05	0	0	-0.0006066608836186717
square__stripe_m005_chi200_loose	stripe, m=5	56	-0.0001318375374163553	0	0	0.0004001858517370169
square__stripe_m005_chi200_loose	stripe, m=5	57	-0.0001859511402795987	0	0	-0.0001689611547584866
square__stripe_m005_chi200_loose	stripe, m=5	58	-0.0001955158181771959	0	0	-7.271301707404341e-05
square__stripe_m005_chi200_loose	stripe, m=5	59	-0.0001582020282579678	0	0	0.0003098902212777718
square__stripe_m005_chi200_loose	stripe, m=5	60	-8.309779977782914e-05	0	0	-0.0005279021322555399
square__stripe_m005_chi200_loose	stripe, m=5	61	1.15047177081129e-05	0	0	0.000713265710163715
square__stripe_m005_chi200_loose	stripe, m=5	62	0.0001025644327305496	0	0	-0.0008545170652758761
square__stripe_m005_chi200_loose	stripe, m=5	63	0.0001679031276399066	0	0	0.0009429204471442494
square__stripe_m005_chi200_loose	stripe, m=5	64	0.0001916071155079757	0	0	-0.0009730085108210398
square__stripe_pairing_m004_chi200_loose	stripe + d-wave, m=4	1	0.0001368085433739683	0	0	-0.0006840427168698414
square__stripe_pairing_m004_chi200_loose	stripe + d-wave, m=4	2	0.0001258952988541301	0	0	0.000670264568013103
square__stripe_pairing_m004_chi200_loose	stripe + d-wave, m=4	3	9.486946389558029e-05	0	0	-0.0006294764942706508
square__stripe_pairing_m004_chi200_loose	stripe + d-wave, m=4	4	4.860357067997635e-05	0	0	0.0005632959476980109
square__stripe_pairing_m004_chi200_loose	stripe + d-wave, m=4	5	-5.636434399704818e-06	0	0	-0.0004743473194779015
square__stripe_pairing_m004_chi200_loose	stripe + d-wave, m=4	6	-5.933229000941331e-05	0	0	0.0003661578696241012
square__stripe_pairing_m004_chi200_loose	stripe + d-wave, m=4	7	-0.0001040511921704814	0	0	-0.0002430178533998817
square__stripe_pairing_m004_chi200_loose	stripe + d-wave, m=4	8	-0.0001327701456855417	0	0	0.0001098103911412752
square__stripe_pairing_m004_chi200_loose	stripe + d-wave, m=4	9	-0.0001409789085123537	0	0	2.818217199852396e-05
square__stripe_pairing_m004_chi200_loose	stripe + d-wave, m=4	10	-0.0001273883143448802	0	0	-0.0001654877375745859
square__stripe_pairing_m004_chi200_loose	stripe + d-wave, m=4	11	-9.413273305704506e-05	0	0	0.0002966614500470667
square__stripe_pairing_m004_chi200_loose	stripe + d-wave, m=4	12	-4.643487308719305e-05	0	0	-0.0004165016126599669
square__stripe_pairing_m004_chi200_loose	stripe + d-wave, m=4	13	8.214432263660453e-06	0	0	0.000520255960852407
square__stripe_pairing_m004_chi200_loose	stripe + d-wave, m=4	14	6.123264204591588e-05	0	0	-0.000603810113425283
square__stripe_pairing_m004_chi200_loose	stripe + d-wave, m=4	15	0.0001042933749156691	0	0	0.0006638507284277084
square__stripe_pairing_m004_chi200_loose	stripe + d-wave, m=4	16	0.0001306340471437811	0	0	-0.0006979968938125998
square__stripe_pairing_m004_chi200_loose	stripe + d-wave, m=4	17	0.0001361179199997892	0	0	0.0007048945425617685
square__stripe_pairing_m004_chi200_loose	stripe + d-wave, m=4	18	0.0001198837645431439	0	0	-0.000684270148246433
square__stripe_pairing_m004_chi200_loose	stripe + d-wave, m=4	19	8.448111554092613e-05	0	0	0.0006369415717244009
square__stripe_pairing_m004_chi200_loose	stripe + d-wave, m=4	20	3.546987321208884e-05	0	0	-0.0005647856288478756
square__stripe_pairing_m004_chi200_loose	stripe + d-wave, m=4	21	-1.945286562617248e-05	0	0	0.0004706636652852252
square__stripe_pairing_m004_chi200_loose	stripe + d-wave, m=4	22	-7.166161795779284e-05	0	0	-0.0003583080897889646
square__stripe_pairing_m004_chi200_loose	stripe + d-wave, m=4	23	-0.0001129571257695751	0	0	0.0002321743654359655
square__stripe_pairing_m004_chi200_loose	stripe + d-wave, m=4	24	-0.0001368540296492866	0	0	-9.726432813086299e-05
square__stripe_pairing_m004_chi200_loose	stripe + d-wave, m=4	25	-0.00013959937876252	0	0	-4.107216131830223e-05
square__stripe_pairing_m004_chi200_loose	stripe + d-wave, m=4	26	-0.0001207620226850567	0	0	0.0001773493660604439
square__stripe_pairing_m004_chi200_loose	stripe + d-wave, m=4	27	-8.33003225319935e-05	0	0	-0.0003061632102295796
square__stripe_pairing_m004_chi200_loose	stripe + d-wave, m=4	28	-3.309754751491727e-05	0	0	0.0004224055777046306
square__stripe_pairing_m004_chi200_loose	stripe + d-wave, m=4	29	2.196207822825492e-05	0	0	-0.0005214668745783457
square__stripe_pairing_m004_chi200_loose	stripe + d-wave, m=4	30	7.32315739248202e-05	0	0	0.0005994188227157196
square__stripe_pairing_m004_chi200_loose	stripe + d-wave, m=4	31	0.0001126591895396021	0	0	-0.0006531702357189056
square__stripe_pairing_m004_chi200_loose	stripe + d-wave, m=4	32	0.0001340529136026206	0	0	0.0006805895999989463
square__stripe_pairing_m004_chi200_loose	stripe + d-wave, m=4	33	0.0001340529136026206	0	0	-0.0006805895999989463
square__stripe_pairing_m004_chi200_loose	stripe + d-wave, m=4	34	0.0001126591895396023	0	0	0.0006531702357189058
square__stripe_pairing_m004_chi200_loose	stripe + d-wave, m=4	35	7.323157392482037e-05	0	0	-0.0005994188227157198
square__stripe_pairing_m004_chi200_loose	stripe + d-wave, m=4	36	2.196207822825492e-05	0	0	0.0005214668745783457
square__stripe_pairing_m004_chi200_loose	stripe + d-wave, m=4	37	-3.309754751491706e-05	0	0	-0.0004224055777046309
square__stripe_pairing_m004_chi200_loose	stripe + d-wave, m=4	38	-8.330032253199316e-05	0	0	0.0003061632102295805
square__stripe_pairing_m004_chi200_loose	stripe + d-wave, m=4	39	-0.0001207620226850566	0	0	-0.0001773493660604444
square__stripe_pairing_m004_chi200_loose	stripe + d-wave, m=4	40	-0.00013959937876252	0	0	4.107216131830223e-05
square__stripe_pairing_m004_chi200_loose	stripe + d-wave, m=4	41	-0.0001368540296492867	0	0	9.72643281308625e-05
square__stripe_pairing_m004_chi200_loose	stripe + d-wave, m=4	42	-0.0001129571257695753	0	0	-0.0002321743654359646
square__stripe_pairing_m004_chi200_loose	stripe + d-wave, m=4	43	-7.1661617957793e-05	0	0	0.0003583080897889642
square__stripe_pairing_m004_chi200_loose	stripe + d-wave, m=4	44	-1.945286562617248e-05	0	0	-0.0004706636652852252
square__stripe_pairing_m004_chi200_loose	stripe + d-wave, m=4	45	3.546987321208873e-05	0	0	0.0005647856288478752
square__stripe_pairing_m004_chi200_loose	stripe + d-wave, m=4	46	8.448111554092597e-05	0	0	-0.0006369415717244005
square__stripe_pairing_m004_chi200_loose	stripe + d-wave, m=4	47	0.0001198837645431439	0	0	0.000684270148246433
square__stripe_pairing_m004_chi200_loose	stripe + d-wave, m=4	48	0.0001361179199997892	0	0	-0.0007048945425617685
square__stripe_pairing_m004_chi200_loose	stripe + d-wave, m=4	49	0.0001306340471437811	0	0	0.0006979968938126001
square__stripe_pairing_m004_chi200_loose	stripe + d-wave, m=4	50	0.0001042933749156694	0	0	-0.0006638507284277086
square__stripe_pairing_m004_chi200_loose	stripe + d-wave, m=4	51	6.123264204591609e-05	0	0	0.0006038101134252833
square__stripe_pairing_m004_chi200_loose	stripe + d-wave, m=4	52	8.214432263660453e-06	0	0	-0.000520255960852407
square__stripe_pairing_m004_chi200_loose	stripe + d-wave, m=4	53	-4.643487308719288e-05	0	0	0.0004165016126599672
square__stripe_pairing_m004_chi200_loose	stripe + d-wave, m=4	54	-9.413273305704481e-05	0	0	-0.0002966614500470676
square__stripe_pairing_m004_chi200_loose	stripe + d-wave, m=4	55	-0.0001273883143448801	0	0	0.0001654877375745863
square__stripe_pairing_m004_chi200_loose	stripe + d-wave, m=4	56	-0.0001409789085123537	0	0	-2.818217199852396e-05
square__stripe_pairing_m004_chi200_loose	stripe + d-wave, m=4	57	-0.0001327701456855417	0	0	-0.0001098103911412747
square__stripe_pairing_m004_chi200_loose	stripe + d-wave, m=4	58	-0.0001040511921704817	0	0	0.0002430178533998808
square__stripe_pairing_m004_chi200_loose	stripe + d-wave, m=4	59	-5.93322900094135e-05	0	0	-0.0003661578696241008
square__stripe_pairing_m004_chi200_loose	stripe + d-wave, m=4	60	-5.636434399704818e-06	0	0	0.0004743473194779015
square__stripe_pairing_m004_chi200_loose	stripe + d-wave, m=4	61	4.860357067997618e-05	0	0	-0.0005632959476980107
square__stripe_pairing_m004_chi200_loose	stripe + d-wave, m=4	62	9.486946389557997e-05	0	0	0.0006294764942706504
square__stripe_pairing_m004_chi200_loose	stripe + d-wave, m=4	63	0.00012589529885413	0	0	-0.0006702645680131029
square__stripe_pairing_m004_chi200_loose	stripe + d-wave, m=4	64	0.0001368085433739683	0	0	0.0006840427168698414
square__stripe_pairing_m005_chi200_loose	stripe + d-wave, m=5	1	0.0001368085433739683	0	0	-0.0006947334742918748
square__stripe_pairing_m005_chi200_loose	stripe + d-wave, m=5	2	0.000119883764543144	0	0	0.000673250429919269
square__stripe_pairing_m005_chi200_loose	stripe + d-wave, m=5	3	7.323157392482026e-05	0	0	-0.0006101299248655755
square__stripe_pairing_m005_chi200_loose	stripe + d-wave, m=5	4	8.214432263660507e-06	0	0	0.0005092756737524974
square__stripe_pairing_m005_chi200_loose	stripe + d-wave, m=5	5	-5.933229000941331e-05	0	0	-0.0003769250508595353
square__stripe_pairing_m005_chi200_loose	stripe + d-wave, m=5	6	-0.0001129571257695751	0	0	0.000221263337044934
square__stripe_pairing_m005_chi200_loose	stripe + d-wave, m=5	7	-0.00013959937876252	0	0	-5.191749755145349e-05
square__stripe_pairing_m005_chi200_loose	stripe + d-wave, m=5	8	-0.0001327701456855416	0	0	-0.0001206392017749994
square__stripe_pairing_m005_chi200_loose	stripe + d-wave, m=5	9	-9.413273305704502e-05	0	0	0.0002857349180893704
square__stripe_pairing_m005_chi200_loose	stripe + d-wave, m=5	10	-3.30975475149173e-05	0	0	-0.0004331592362308705
square__stripe_pairing_m005_chi200_loose	stripe + d-wave, m=5	11	3.546987321208884e-05	0	0	0.0005537946362139741
square__stripe_pairing_m005_chi200_loose	stripe + d-wave, m=5	12	9.486946389558029e-05	0	0	-0.0006401803701500441
square__stripe_pairing_m005_chi200_loose	stripe + d-wave, m=5	13	0.0001306340471437811	0	0	0.0006869738753902888
square__stripe_pairing_m005_chi200_loose	stripe + d-wave, m=5	14	0.0001340529136026206	0	0	-0.0006912811875969436
square__stripe_pairing_m005_chi200_loose	stripe + d-wave, m=5	15	0.0001042933749156692	0	0	0.0006528359192050316
square__stripe_pairing_m005_chi200_loose	stripe + d-wave, m=5	16	4.860357067997635e-05	0	0	-0.0005740157342752116
square__stripe_pairing_m005_chi200_loose	stripe + d-wave, m=5	17	-1.945286562617248e-05	0	0	0.0004596953008433956
square__stripe_pairing_m005_chi200_loose	stripe + d-wave, m=5	18	-8.330032253199331e-05	0	0	-0.0003169448149919433
square__stripe_pairing_m005_chi200_loose	stripe + d-wave, m=5	19	-0.0001273883143448801	0	0	0.0001545927415501436
square__stripe_pairing_m005_chi200_loose	stripe + d-wave, m=5	20	-0.0001409789085123537	0	0	1.732018608769101e-05
square__stripe_pairing_m005_chi200_loose	stripe + d-wave, m=5	21	-0.0001207620226850567	0	0	-0.0001881619394118276
square__stripe_pairing_m005_chi200_loose	stripe + d-wave, m=5	22	-7.166161795779297e-05	0	0	0.0003473667371459372
square__stripe_pairing_m005_chi200_loose	stripe + d-wave, m=5	23	-5.636434399704845e-06	0	0	-0.0004850884905074411
square__stripe_pairing_m005_chi200_loose	stripe + d-wave, m=5	24	6.123264204591588e-05	0	0	0.0005928097387778845
square__stripe_pairing_m005_chi200_loose	stripe + d-wave, m=5	25	0.0001126591895396021	0	0	-0.0006638684153026403
square__stripe_pairing_m005_chi200_loose	stripe + d-wave, m=5	26	0.0001361179199997892	0	0	0.0006938698658514783
square__stripe_pairing_m005_chi200_loose	stripe + d-wave, m=5	27	0.0001258952988541303	0	0	-0.0006809586378883294
square__stripe_pairing_m005_chi200_loose	stripe + d-wave, m=5	28	8.448111554092613e-05	0	0	0.000625933231826665
square__stripe_pairing_m005_chi200_loose	stripe + d-wave, m=5	29	2.196207822825497e-05	0	0	-0.0005321967174300319
square__stripe_pairing_m005_chi200_loose	stripe + d-wave, m=5	30	-4.643487308719288e-05	0	0	0.0004055462695075733
square__stripe_pairing_m005_chi200_loose	stripe + d-wave, m=5	31	-0.0001040511921704814	0	0	-0.0002538146391594181
square__stripe_pairing_m005_chi200_loose	stripe + d-wave, m=5	32	-0.0001368540296492865	0	0	8.638573393607074e-05
square__stripe_pairing_m005_chi200_loose	stripe + d-wave, m=5	33	-0.0001368540296492866	0	0	8.638573393606987e-05
square__stripe_pairing_m005_chi200_loose	stripe + d-wave, m=5	34	-0.0001040511921704814	0	0	-0.0002538146391594182
square__stripe_pairing_m005_chi200_loose	stripe + d-wave, m=5	35	-4.643487308719329e-05	0	0	0.0004055462695075727
square__stripe_pairing_m005_chi200_loose	stripe + d-wave, m=5	36	2.196207822825492e-05	0	0	-0.000532196717430032
square__stripe_pairing_m005_chi200_loose	stripe + d-wave, m=5	37	8.448111554092591e-05	0	0	0.0006259332318266648
square__stripe_pairing_m005_chi200_loose	stripe + d-wave, m=5	38	0.0001258952988541301	0	0	-0.0006809586378883295
square__stripe_pairing_m005_chi200_loose	stripe + d-wave, m=5	39	0.0001361179199997893	0	0	0.0006938698658514785
square__stripe_pairing_m005_chi200_loose	stripe + d-wave, m=5	40	0.0001126591895396024	0	0	-0.0006638684153026408
square__stripe_pairing_m005_chi200_loose	stripe + d-wave, m=5	41	6.123264204591604e-05	0	0	0.0005928097387778848
square__stripe_pairing_m005_chi200_loose	stripe + d-wave, m=5	42	-5.636434399704818e-06	0	0	-0.0004850884905074413
square__stripe_pairing_m005_chi200_loose	stripe + d-wave, m=5	43	-7.166161795779262e-05	0	0	0.0003473667371459381
square__stripe_pairing_m005_chi200_loose	stripe + d-wave, m=5	44	-0.0001207620226850566	0	0	-0.0001881619394118281
square__stripe_pairing_m005_chi200_loose	stripe + d-wave, m=5	45	-0.0001409789085123537	0	0	1.732018608769108e-05
square__stripe_pairing_m005_chi200_loose	stripe + d-wave, m=5	46	-0.0001273883143448802	0	0	0.0001545927415501426
square__stripe_pairing_m005_chi200_loose	stripe + d-wave, m=5	47	-8.330032253199343e-05	0	0	-0.0003169448149919428
square__stripe_pairing_m005_chi200_loose	stripe + d-wave, m=5	48	-1.945286562617289e-05	0	0	0.0004596953008433947
square__stripe_pairing_m005_chi200_loose	stripe + d-wave, m=5	49	4.860357067997618e-05	0	0	-0.0005740157342752111
square__stripe_pairing_m005_chi200_loose	stripe + d-wave, m=5	50	0.0001042933749156691	0	0	0.0006528359192050314
square__stripe_pairing_m005_chi200_loose	stripe + d-wave, m=5	51	0.0001340529136026205	0	0	-0.0006912811875969434
square__stripe_pairing_m005_chi200_loose	stripe + d-wave, m=5	52	0.0001306340471437812	0	0	0.0006869738753902887
square__stripe_pairing_m005_chi200_loose	stripe + d-wave, m=5	53	9.486946389558051e-05	0	0	-0.0006401803701500444
square__stripe_pairing_m005_chi200_loose	stripe + d-wave, m=5	54	3.546987321208873e-05	0	0	0.0005537946362139737
square__stripe_pairing_m005_chi200_loose	stripe + d-wave, m=5	55	-3.309754751491706e-05	0	0	-0.0004331592362308708
square__stripe_pairing_m005_chi200_loose	stripe + d-wave, m=5	56	-9.413273305704474e-05	0	0	0.0002857349180893712
square__stripe_pairing_m005_chi200_loose	stripe + d-wave, m=5	57	-0.0001327701456855417	0	0	-0.0001206392017749988
square__stripe_pairing_m005_chi200_loose	stripe + d-wave, m=5	58	-0.00013959937876252	0	0	-5.191749755145335e-05
square__stripe_pairing_m005_chi200_loose	stripe + d-wave, m=5	59	-0.0001129571257695753	0	0	0.0002212633370449333
square__stripe_pairing_m005_chi200_loose	stripe + d-wave, m=5	60	-5.933229000941386e-05	0	0	-0.0003769250508595342
square__stripe_pairing_m005_chi200_loose	stripe + d-wave, m=5	61	8.214432263660453e-06	0	0	0.0005092756737524974
square__stripe_pairing_m005_chi200_loose	stripe + d-wave, m=5	62	7.323157392482004e-05	0	0	-0.0006101299248655752
square__stripe_pairing_m005_chi200_loose	stripe + d-wave, m=5	63	0.0001198837645431437	0	0	0.0006732504299192688
square__stripe_pairing_m005_chi200_loose	stripe + d-wave, m=5	64	0.0001368085433739684	0	0	-0.000694733474291875
