geometry	block	rank	eigenvalue_real	basis_index	basis_label	coefficient_real	coefficient_imag	weight	cumulative_weight
cubic_frustrated	normal	1	-1.187909018699175	5	spin_odd_m59	0.9895361399381268	0	0.9791817722436481	0.9791817722436481
cubic_frustrated	normal	1	-1.187909018699175	6	spin_odd_m63	0.1440981212096268	0	0.02076426853614428	0.9999460407797924
cubic_frustrated	normal	1	-1.187909018699175	3	charge_even_m9	0.005736850058632646	0	3.291144859523339e-05	0.9999789522283876
cubic_frustrated	normal	1	-1.187909018699175	2	charge_even_m8	-0.00415324917080358	-0	1.724947867478062e-05	0.9999962017070624
cubic_frustrated	normal	1	-1.187909018699175	1	charge_even_m7	-0.001948905633190354	-0	3.798233167081093e-06	0.9999999999402295
cubic_frustrated	normal	1	-1.187909018699175	4	spin_odd_m58	7.640081958267033e-06	0	5.837085232903742e-11	0.9999999999986003
cubic_frustrated	normal	1	-1.187909018699175	7	cov_charge_even_rank1	1.160747931480152e-06	0	1.34733576043545e-12	0.9999999999999477
cubic_frustrated	normal	1	-1.187909018699175	8	cov_charge_odd_rank1	2.275053157032711e-07	0	5.175866867324506e-14	0.9999999999999994
cubic_frustrated	normal	1	-1.187909018699175	9	cov_spin_even_rank1	-1.832184138454629e-08	-0	3.35689871720473e-16	0.9999999999999998
cubic_frustrated	normal	2	-1.146911455663119	3	charge_even_m9	0.9429295579615478	0	0.8891161512775598	0.8891161512775598
cubic_frustrated	normal	2	-1.146911455663119	1	charge_even_m7	-0.3329266583115604	-0	0.1108401598145025	0.9999563110920624
cubic_frustrated	normal	2	-1.146911455663119	2	charge_even_m8	0.006609050279490735	0	4.367954559683656e-05	0.9999999906376592
cubic_frustrated	normal	2	-1.146911455663119	7	cov_charge_even_rank1	9.675918024971264e-05	0	9.362338962596382e-09	0.9999999999999982
cubic_frustrated	normal	2	-1.146911455663119	8	cov_charge_odd_rank1	4.132777496395062e-08	0	1.707984983470943e-15	0.9999999999999999
cubic_frustrated	normal	2	-1.146911455663119	5	spin_odd_m59	-3.847636530581484e-09	-0	1.480430687146512e-17	0.9999999999999999
cubic_frustrated	normal	2	-1.146911455663119	4	spin_odd_m58	-5.108646942563709e-10	-0	2.609827358376553e-19	0.9999999999999999
cubic_frustrated	normal	2	-1.146911455663119	6	spin_odd_m63	1.993601335040442e-10	0	3.974446283075034e-20	0.9999999999999999
cubic_frustrated	normal	2	-1.146911455663119	9	cov_spin_even_rank1	-1.216079203164707e-12	-0	1.478848628369708e-24	0.9999999999999999
cubic_frustrated	normal	3	-1.015439070678111	4	spin_odd_m58	0.999998042391012	0	0.9999960847858562	0.9999960847858562
cubic_frustrated	normal	3	-1.015439070678111	2	charge_even_m8	0.001738719737924871	0	3.023146327049533e-06	0.9999991079321833
cubic_frustrated	normal	3	-1.015439070678111	3	charge_even_m9	-0.0008744988258829853	0	7.647481964707198e-07	0.9999998726803797
cubic_frustrated	normal	3	-1.015439070678111	1	charge_even_m7	0.0003562996258004446	0	1.269494233455369e-07	0.999999999629803
cubic_frustrated	normal	3	-1.015439070678111	6	spin_odd_m63	-1.534438900684821e-05	0	2.354502739934841e-10	0.9999999998652533
cubic_frustrated	normal	3	-1.015439070678111	5	spin_odd_m59	-1.14801198593102e-05	0	1.317931519841286e-10	0.9999999999970465
cubic_frustrated	normal	3	-1.015439070678111	7	cov_charge_even_rank1	1.7064320360504e-06	0	2.911910293659114e-12	0.9999999999999584
cubic_frustrated	normal	3	-1.015439070678111	8	cov_charge_odd_rank1	2.031802867759836e-07	0	4.128222893437094e-14	0.9999999999999997
cubic_frustrated	normal	3	-1.015439070678111	9	cov_spin_even_rank1	1.814951649230627e-08	0	3.294049489044975e-16	1
cubic_frustrated	pair	1	24.4730200100419	12	pair_leg_s_q0	0.8158570869854073	0	0.6656227863843144	0.6656227863843144
cubic_frustrated	pair	1	24.4730200100419	11	pair_rung_s_q0	-0.5775099153326944	0	0.3335177023075758	0.9991404886918902
cubic_frustrated	pair	1	24.4730200100419	10	pair_onsite_s_q0	-0.02931742328564775	0	0.0008595113081098411	1
cubic_frustrated	pair	2	0.05332809216226256	12	pair_leg_s_q0	0.7137414360123707	0	0.509426837481001	0.509426837481001
cubic_frustrated	pair	2	0.05332809216226256	11	pair_rung_s_q0	0.6653391918593246	0	0.4426762402240191	0.9521030777050201
cubic_frustrated	pair	2	0.05332809216226256	10	pair_onsite_s_q0	0.2188536549728609	0	0.04789692229498006	1
cubic_frustrated	pair	3	0.01159935268945737	10	pair_onsite_s_q0	0.9844126075772563	0	0.9690681819570534	0.9690681819570534
cubic_frustrated	pair	3	0.01159935268945737	11	pair_rung_s_q0	-0.1371332881070741	-0	0.0188055387070578	0.9878737206641112
cubic_frustrated	pair	3	0.01159935268945737	12	pair_leg_s_q0	-0.1101193867395242	-0	0.01212627933588889	1
cubic_unfrustrated	normal	1	3.563727056095904	5	spin_odd_m59	0.9895626395205113	0	0.9792342175348013	0.9792342175348013
cubic_unfrustrated	normal	1	3.563727056095904	6	spin_odd_m63	0.144101980125685	0	0.02076538067614333	0.9999995982109446
cubic_unfrustrated	normal	1	3.563727056095904	2	charge_even_m8	0.0006314381567168731	0	3.987141457580024e-07	0.9999999969250905
cubic_unfrustrated	normal	1	3.563727056095904	3	charge_even_m9	-5.482162600404223e-05	-0	3.005410677727079e-09	0.9999999999305011
cubic_unfrustrated	normal	1	3.563727056095904	4	spin_odd_m58	7.640295264479233e-06	0	5.837411172842379e-11	0.9999999999888752
cubic_unfrustrated	normal	1	3.563727056095904	1	charge_even_m7	3.325569677520183e-06	0	1.10594136800417e-11	0.9999999999999346
cubic_unfrustrated	normal	1	3.563727056095904	8	cov_charge_odd_rank1	2.272464023558511e-07	0	5.164092738367735e-14	0.9999999999999862
cubic_unfrustrated	normal	1	3.563727056095904	7	cov_charge_even_rank1	-1.164079615590111e-07	-0	1.35508135143242e-14	0.9999999999999998
cubic_unfrustrated	normal	1	3.563727056095904	9	cov_spin_even_rank1	5.33837617201999e-09	0	2.84982601539908e-17	0.9999999999999998
cubic_unfrustrated	normal	2	3.046317212032699	4	spin_odd_m58	0.9999999757120069	0	0.9999999514240144	0.9999999514240144
cubic_unfrustrated	normal	2	3.046317212032699	2	charge_even_m8	-0.0002174012647536056	-0	4.72633099164673e-08	0.9999999986873244
cubic_unfrustrated	normal	2	3.046317212032699	3	charge_even_m9	-3.068766405875451e-05	-0	9.417327253829733e-10	0.9999999996290571
cubic_unfrustrated	normal	2	3.046317212032699	6	spin_odd_m63	-1.534441561258727e-05	-0	2.35451090491812e-10	0.9999999998645082
cubic_unfrustrated	normal	2	3.046317212032699	5	spin_odd_m59	-1.148014210242377e-05	-0	1.317936626918429e-10	0.9999999999963018
cubic_unfrustrated	normal	2	3.046317212032699	1	charge_even_m7	1.807054211977375e-06	0	3.265444925025173e-12	0.9999999999995673
cubic_unfrustrated	normal	2	3.046317212032699	7	cov_charge_even_rank1	-6.256473210182736e-07	-0	3.914345702973427e-13	0.9999999999999588
cubic_unfrustrated	normal	2	3.046317212032699	8	cov_charge_odd_rank1	2.032289436142478e-07	0	4.130200352256313e-14	1
cubic_unfrustrated	normal	2	3.046317212032699	9	cov_spin_even_rank1	-5.163388271457897e-09	-0	2.666057844182897e-17	1
cubic_unfrustrated	normal	3	2.958144636080004	6	spin_odd_m63	0.9895594707515488	0	0.9792279461540854	0.9792279461540854
cubic_unfrustrated	normal	3	2.958144636080004	5	spin_odd_m59	-0.1441250072026838	0	0.02077201770117367	0.999999963855259
cubic_unfrustrated	normal	3	2.958144636080004	2	charge_even_m8	-0.0001713052789798162	0	2.934549860635265e-08	0.9999999932007576
cubic_unfrustrated	normal	3	2.958144636080004	3	charge_even_m9	-7.806956386917246e-05	0	6.094856802722799e-09	0.9999999992956145
cubic_unfrustrated	normal	3	2.958144636080004	4	spin_odd_m58	2.531631984690727e-05	0	6.409160505909108e-10	0.9999999999365305
cubic_unfrustrated	normal	3	2.958144636080004	1	charge_even_m7	7.966333402117574e-06	0	6.346246787369417e-11	0.999999999999993
cubic_unfrustrated	normal	3	2.958144636080004	8	cov_charge_odd_rank1	6.781181839782582e-08	0	4.598442714419709e-15	0.9999999999999976
cubic_unfrustrated	normal	3	2.958144636080004	9	cov_spin_even_rank1	4.424988295244961e-08	0	1.958052141305491e-15	0.9999999999999996
cubic_unfrustrated	normal	3	2.958144636080004	7	cov_charge_even_rank1	-1.876085618865064e-08	0	3.519697249312309e-16	0.9999999999999999
cubic_unfrustrated	pair	1	24.4730200100419	12	pair_leg_s_q0	0.8158570869854073	0	0.6656227863843144	0.6656227863843144
cubic_unfrustrated	pair	1	24.4730200100419	11	pair_rung_s_q0	-0.5775099153326944	0	0.3335177023075758	0.9991404886918902
cubic_unfrustrated	pair	1	24.4730200100419	10	pair_onsite_s_q0	-0.02931742328564775	0	0.0008595113081098411	1
cubic_unfrustrated	pair	2	0.05332809216226256	12	pair_leg_s_q0	0.7137414360123707	0	0.509426837481001	0.509426837481001
cubic_unfrustrated	pair	2	0.05332809216226256	11	pair_rung_s_q0	0.6653391918593246	0	0.4426762402240191	0.9521030777050201
cubic_unfrustrated	pair	2	0.05332809216226256	10	pair_onsite_s_q0	0.2188536549728609	0	0.04789692229498006	1
cubic_unfrustrated	pair	3	0.01159935268945737	10	pair_onsite_s_q0	0.9844126075772563	0	0.9690681819570534	0.9690681819570534
cubic_unfrustrated	pair	3	0.01159935268945737	11	pair_rung_s_q0	-0.1371332881070741	-0	0.0188055387070578	0.9878737206641112
cubic_unfrustrated	pair	3	0.01159935268945737	12	pair_leg_s_q0	-0.1101193867395242	-0	0.01212627933588889	1
square	normal	1	1.187909018698632	5	spin_odd_m59	0.9895626395205115	0	0.9792342175348018	0.9792342175348018
square	normal	1	1.187909018698632	6	spin_odd_m63	0.1441019801256837	0	0.02076538067614294	0.9999995982109448
square	normal	1	1.187909018698632	2	charge_even_m8	0.000631438156716889	0	3.987141457580225e-07	0.9999999969250906
square	normal	1	1.187909018698632	3	charge_even_m9	-5.482162600428376e-05	0	3.005410677753561e-09	0.9999999999305013
square	normal	1	1.187909018698632	4	spin_odd_m58	7.640295263228787e-06	0	5.837411170931623e-11	0.9999999999888753
square	normal	1	1.187909018698632	1	charge_even_m7	3.325569677620269e-06	0	1.105941368070738e-11	0.9999999999999347
square	normal	1	1.187909018698632	8	cov_charge_odd_rank1	2.272464029935235e-07	0	5.164092767349488e-14	0.9999999999999863
square	normal	1	1.187909018698632	7	cov_charge_even_rank1	-1.164079617849914e-07	0	1.355081356693601e-14	0.9999999999999999
square	normal	1	1.187909018698632	9	cov_spin_even_rank1	5.33837586690644e-09	0	2.849825689636909e-17	0.9999999999999999
square	normal	2	1.015439070677566	4	spin_odd_m58	0.9999999757120069	0	0.9999999514240144	0.9999999514240144
square	normal	2	1.015439070677566	2	charge_even_m8	-0.0002174012647531414	0	4.726330991626547e-08	0.9999999986873244
square	normal	2	1.015439070677566	3	charge_even_m9	-3.068766405900657e-05	0	9.417327253984434e-10	0.9999999996290571
square	normal	2	1.015439070677566	6	spin_odd_m63	-1.534441558707425e-05	0	2.35451089708847e-10	0.9999999998645082
square	normal	2	1.015439070677566	5	spin_odd_m59	-1.148014210383047e-05	0	1.317936627241412e-10	0.9999999999963018
square	normal	2	1.015439070677566	1	charge_even_m7	1.807054211480286e-06	0	3.265444923228637e-12	0.9999999999995673
square	normal	2	1.015439070677566	7	cov_charge_even_rank1	-6.25647320360707e-07	0	3.914345694745331e-13	0.9999999999999588
square	normal	2	1.015439070677566	8	cov_charge_odd_rank1	2.032289436564137e-07	0	4.130200353970177e-14	1
square	normal	2	1.015439070677566	9	cov_spin_even_rank1	-5.163389227454348e-09	0	2.66605883141916e-17	1
square	normal	3	0.9860482120266683	6	spin_odd_m63	0.9895594707515488	0	0.9792279461540854	0.9792279461540854
square	normal	3	0.9860482120266683	5	spin_odd_m59	-0.1441250072026839	0	0.02077201770117369	0.999999963855259
square	normal	3	0.9860482120266683	2	charge_even_m8	-0.000171305278979403	0	2.934549860621108e-08	0.9999999932007576
square	normal	3	0.9860482120266683	3	charge_even_m9	-7.806956386950274e-05	0	6.094856802774368e-09	0.9999999992956145
square	normal	3	0.9860482120266683	4	spin_odd_m58	2.531631984952168e-05	0	6.409160507232857e-10	0.9999999999365305
square	normal	3	0.9860482120266683	1	charge_even_m7	7.966333402295221e-06	0	6.346246787652455e-11	0.999999999999993
square	normal	3	0.9860482120266683	8	cov_charge_odd_rank1	6.781181839152716e-08	0	4.598442713565461e-15	0.9999999999999976
square	normal	3	0.9860482120266683	9	cov_spin_even_rank1	4.424988242744083e-08	0	1.958052094842337e-15	0.9999999999999996
square	normal	3	0.9860482120266683	7	cov_charge_even_rank1	-1.876085542047966e-08	0	3.519696961081412e-16	0.9999999999999999
square	pair	1	4.668807757152312	12	pair_leg_s_q0	0.9993700124265672	0	0.9987404217374771	0.9987404217374771
square	pair	1	4.668807757152312	10	pair_onsite_s_q0	-0.03549053764770043	-0	0.001259578262522842	1
square	pair	1	4.668807757152312	11	pair_rung_s_q0	0	-0	0	1
square	pair	2	0.004545610503539521	10	pair_onsite_s_q0	0.9993701857020602	0	0.9987407680701702	0.9987407680701702
square	pair	2	0.004545610503539521	12	pair_leg_s_q0	0.03548565808646614	0	0.00125923192982958	0.9999999999999998
square	pair	2	0.004545610503539521	11	pair_rung_s_q0	0	-0	0	0.9999999999999998
square	pair	3	0	10	pair_onsite_s_q0	0.6120887964393911	0	0.3746526947266223	0.3746526947266223
square	pair	3	0	12	pair_leg_s_q0	-0.564086476488132	-0	0.318193552956796	0.6928462476834183
square	pair	3	0	11	pair_rung_s_q0	-0.5542145363634752	-0	0.3071537523165818	1
