branch	seed	iteration	chemical_potential	density	mu_evaluations	wall_hours	field_rel_residual
square__legacy_pairing_mixed_chi200_loose	legacy pairing	1	1.676643557718622	0.937106340403299	11	0.5314751519097223	0.999464989884553
square__legacy_pairing_mixed_chi200_loose	legacy pairing	2	1.656149489502063	0.9371232006219157	5	0.1430841272407108	0.08432452793068189
square__legacy_pairing_mixed_chi200_loose	legacy pairing	3	1.656149489502063	0.9369735502583717	1	0.03966380973656972	0.01378319699905362
square__legacy_pairing_mixed_chi200_loose	legacy pairing	4	1.656149489502063	0.9369964581602476	1	0.03933900276819865	0.003611381942021073
square__legacy_pairing_mixed_chi200_loose	legacy pairing	5	1.656149489502063	0.936995678606476	1	0.03951272586981455	0.0007959299410816176
square__legacy_pairing_mixed_chi200_loose	legacy pairing	6	1.656149489502063	0.9369943136211553	1	0.03954215221934848	0.0002267627962066712
square__pairing_dwave_m000_chi200_loose	d-wave, q=0	1	1.676508700614184	0.9370880540169589	11	0.2570838894446691	0.9966098024381477
square__pairing_dwave_m000_chi200_loose	d-wave, q=0	2	1.656125052824245	0.9372068259163452	5	0.1384182241890166	0.06893884161274245
square__pairing_dwave_m000_chi200_loose	d-wave, q=0	3	1.656125052824245	0.9369250161872852	1	0.03972267859511906	0.009241229196051633
square__pairing_dwave_m000_chi200_loose	d-wave, q=0	4	1.656125052824245	0.9369719408802897	1	0.03964862134721544	0.002296618373014386
square__pairing_dwave_m000_chi200_loose	d-wave, q=0	5	1.656125052824245	0.9369660807784052	1	0.03961552414629194	0.0004747156948107566
square__pairing_dwave_m000_chi200_loose	d-wave, q=0	6	1.656125052824245	0.9369659081670536	1	0.0395705916484197	0.0001348445457429954
square__stripe_m004_chi200_loose	stripe, m=4	1	1.672000745618933	0.9309413087875337	16	0.3781401705741883	0.9990718585308669
square__stripe_m004_chi200_loose	stripe, m=4	2	1.655231514760375	0.937392641120532	6	0.1603002802530925	0.09728803758706495
square__stripe_m004_chi200_loose	stripe, m=4	3	1.656434343826435	0.9372212498625277	2	0.05743649495972528	0.01681668076830888
square__stripe_m004_chi200_loose	stripe, m=4	4	1.656434343826435	0.937421272607834	1	0.04365032169553969	0.005913725017471659
square__stripe_m004_chi200_loose	stripe, m=4	5	1.656434343826435	0.9373425049058302	1	0.04368857721487681	0.003953593068525736
square__stripe_m004_chi200_loose	stripe, m=4	6	1.656434343826435	0.9373769778000292	1	0.04360139356719123	0.004107951978069814
square__stripe_m005_chi200_loose	stripe, m=5	1	1.676854211565464	0.9373160434324098	11	0.2973243488868078	0.9994337553624671
square__stripe_m005_chi200_loose	stripe, m=5	2	1.656458433813428	0.9374387129625993	7	0.2054974542061488	0.1034585094393462
square__stripe_m005_chi200_loose	stripe, m=5	3	1.656458433813428	0.9373577970355873	1	0.04400476859675513	0.02009001726473689
square__stripe_m005_chi200_loose	stripe, m=5	4	1.656458433813428	0.9373714583320587	1	0.04418687389956581	0.006165530002720642
square__stripe_m005_chi200_loose	stripe, m=5	5	1.656458433813428	0.9373747807582914	1	0.04407531830999586	0.003627982970445381
square__stripe_m005_chi200_loose	stripe, m=5	6	1.656458433813428	0.9373759668964434	1	0.04456445746951633	0.003756448313944569
square__stripe_m005_chi200_loose	stripe, m=5	7	1.656458433813428	0.9373800757789352	1	0.04383367253674401	0.004121403293828234
square__stripe_m005_chi200_loose	stripe, m=5	8	1.656458433813428	0.9373843141658781	1	0.0437471780512068	0.004537415717253766
square__stripe_m005_chi200_loose	stripe, m=5	9	1.656458433813428	0.9373899127243874	1	0.03950940026177301	0.004997631755881198
square__stripe_m005_chi200_loose	stripe, m=5	10	1.656458433813428	0.9373970646102153	1	0.04389723638693491	0.005502092938119135
square__stripe_m005_chi200_loose	stripe, m=5	11	1.656458433813428	0.9374056744541078	1	0.04391379164324866	0.006056248818551469
square__stripe_m005_chi200_loose	stripe, m=5	12	1.656458433813428	0.9374165993529752	1	0.04386321385701497	0.006663425306711943
square__stripe_m005_chi200_loose	stripe, m=5	13	1.656458433813428	0.9374298873136898	1	0.04382577419281006	0.007326770481018179
square__stripe_m005_chi200_loose	stripe, m=5	14	1.656458433813428	0.937445725906276	1	0.04399989393022325	0.008050691574496191
square__stripe_m005_chi200_loose	stripe, m=5	15	1.656458433813428	0.9374656502456142	1	0.04393178694778019	0.008835119008334918
square__stripe_m005_chi200_loose	stripe, m=5	16	1.656458433813428	0.937489766390546	1	0.03966150833500756	0.009685090394231382
square__stripe_m005_chi200_loose	stripe, m=5	17	1.656458433813428	0.9375192425885033	1	0.0396866852707333	0.01060055088171473
square__stripe_m005_chi200_loose	stripe, m=5	18	1.656458433813428	0.9375552037248782	1	0.03965461975998349	0.01158163294991167
square__stripe_m005_chi200_loose	stripe, m=5	19	1.656458433813428	0.9375981032276717	1	0.03971623275015089	0.01262829376662736
square__stripe_m005_chi200_loose	stripe, m=5	20	1.656458433813428	0.937650125459211	1	0.03979867107338376	0.01373496865328455
square__stripe_m005_chi200_loose	stripe, m=5	21	1.656458433813428	0.9377124928142703	1	0.03971178968747457	0.01489332387208528
square__stripe_m005_chi200_loose	stripe, m=5	22	1.656458433813428	0.9377486543917143	1	0.04414379994074503	0.01550008281771256
square__stripe_m005_chi200_loose	stripe, m=5	23	1.656458433813428	0.9374804852218109	1	0.04391414026419322	0.009160329847992258
square__stripe_m005_chi200_loose	stripe, m=5	24	1.656458433813428	0.9374673923371937	1	0.04813903192679087	0.008199957120833426
square__stripe_m005_chi200_loose	stripe, m=5	25	1.656458433813428	0.9374132974139017	1	0.0439949627717336	0.004154448283413556
square__stripe_m005_chi200_loose	stripe, m=5	26	1.656458433813428	0.9374048746847231	1	0.0438582741551929	0.003275101329340401
square__stripe_m005_chi200_loose	stripe, m=5	27	1.656458433813428	0.9373972145181654	1	0.04394384503364563	0.002622919439169144
square__stripe_m005_chi200_loose	stripe, m=5	28	1.656458433813428	0.9373655185850517	1	0.04379939529630873	0.0003721360805250772
square__stripe_pairing_m004_chi200_loose	stripe + d-wave, m=4	1	1.676492318767691	0.9369936022665585	11	0.282392428583569	0.9971088498177172
square__stripe_pairing_m004_chi200_loose	stripe + d-wave, m=4	2	1.656123803543027	0.9372118435274165	5	0.1397330069541931	0.0738391205865583
square__stripe_pairing_m004_chi200_loose	stripe + d-wave, m=4	3	1.656123803543027	0.9369390490596546	1	0.04413021279705896	0.01073546787976788
square__stripe_pairing_m004_chi200_loose	stripe + d-wave, m=4	4	1.656123803543027	0.9369875045759954	1	0.03980866445435418	0.003515724469831728
square__stripe_pairing_m004_chi200_loose	stripe + d-wave, m=4	5	1.656123803543027	0.9369828488247981	1	0.03960300227006276	0.002625089406181711
square__stripe_pairing_m004_chi200_loose	stripe + d-wave, m=4	6	1.656123803543027	0.9369850073652497	1	0.04380455831686655	0.00282415304983262
square__stripe_pairing_m004_chi200_loose	stripe + d-wave, m=4	7	1.656123803543027	0.9369877150032671	1	0.03954044838746389	0.003107372520902627
square__stripe_pairing_m004_chi200_loose	stripe + d-wave, m=4	8	1.656123803543027	0.9369906195081124	1	0.03961949500772688	0.003420505099938023
square__stripe_pairing_m004_chi200_loose	stripe + d-wave, m=4	9	1.656123803543027	0.9369945889407234	1	0.04388336002826691	0.00376647780170365
square__stripe_pairing_m004_chi200_loose	stripe + d-wave, m=4	10	1.656123803543027	0.9369992140295785	1	0.04396667745378283	0.004146192651409805
square__stripe_pairing_m004_chi200_loose	stripe + d-wave, m=4	11	1.656123803543027	0.9370048051649339	1	0.04393615365028381	0.004564308978181564
square__stripe_pairing_m004_chi200_loose	stripe + d-wave, m=4	12	1.656123803543027	0.9370116908623881	1	0.04392362833023071	0.005022497908073265
square__stripe_pairing_m004_chi200_loose	stripe + d-wave, m=4	13	1.656123803543027	0.9370197497587919	1	0.04381380663977729	0.005523386186026325
square__stripe_pairing_m004_chi200_loose	stripe + d-wave, m=4	14	1.656123803543027	0.9370297808842568	1	0.04392856273386214	0.00607243189715712
square__stripe_pairing_m004_chi200_loose	stripe + d-wave, m=4	15	1.656123803543027	0.9370415473942716	1	0.03966292083263397	0.006671550803593836
square__stripe_pairing_m004_chi200_loose	stripe + d-wave, m=4	16	1.656123803543027	0.9370564513989068	1	0.03965893831517962	0.007325747948843445
square__stripe_pairing_m004_chi200_loose	stripe + d-wave, m=4	17	1.656123803543027	0.9370741281173115	1	0.03982835835880703	0.008037175548518809
square__stripe_pairing_m004_chi200_loose	stripe + d-wave, m=4	18	1.656123803543027	0.9370956110366677	1	0.03980575111177233	0.008808379088417553
square__stripe_pairing_m004_chi200_loose	stripe + d-wave, m=4	19	1.656123803543027	0.9371218693307278	1	0.04392646253108978	0.009641155746022438
square__stripe_pairing_m004_chi200_loose	stripe + d-wave, m=4	20	1.656123803543027	0.9371531074195134	1	0.03967941304047903	0.01053664035467354
square__stripe_pairing_m004_chi200_loose	stripe + d-wave, m=4	21	1.656123803543027	0.9371908529281734	1	0.04436308695210351	0.01149350478263515
square__stripe_pairing_m004_chi200_loose	stripe + d-wave, m=4	22	1.656123803543027	0.9372125252623942	1	0.03963870300187005	0.01200619608517045
square__stripe_pairing_m004_chi200_loose	stripe + d-wave, m=4	23	1.656123803543027	0.9370198078963488	1	0.03980070140626695	0.004651637385397886
square__stripe_pairing_m004_chi200_loose	stripe + d-wave, m=4	24	1.656123803543027	0.9370136069550534	1	0.03957500888241662	0.004151380779183033
square__stripe_pairing_m004_chi200_loose	stripe + d-wave, m=4	25	1.656123803543027	0.9369881747512379	1	0.04359241366386413	0.001842506521199725
square__stripe_pairing_m005_chi200_loose	stripe + d-wave, m=5	1	1.676511338689997	0.9369947123072974	11	0.2713677680492401	0.9972991056998879
square__stripe_pairing_m005_chi200_loose	stripe + d-wave, m=5	2	1.656135747798851	0.9372077744858581	5	0.144437441362275	0.07523922905512734
square__stripe_pairing_m005_chi200_loose	stripe + d-wave, m=5	3	1.656135747798851	0.9369466683069099	1	0.0399957142273585	0.0112778840874147
square__stripe_pairing_m005_chi200_loose	stripe + d-wave, m=5	4	1.656135747798851	0.9369906224246075	1	0.0397956242163976	0.003566982246850896
square__stripe_pairing_m005_chi200_loose	stripe + d-wave, m=5	5	1.656135747798851	0.9369868489904226	1	0.03977775361802843	0.002448580917002643
square__stripe_pairing_m005_chi200_loose	stripe + d-wave, m=5	6	1.656135747798851	0.9369877198821743	1	0.04417633281813727	0.002602313288254648
square__stripe_pairing_m005_chi200_loose	stripe + d-wave, m=5	7	1.656135747798851	0.9369898039989355	1	0.0440045835574468	0.002855627446630721
square__stripe_pairing_m005_chi200_loose	stripe + d-wave, m=5	8	1.656135747798851	0.9369916349585625	1	0.03968708667490217	0.003141121862202722
square__stripe_pairing_m005_chi200_loose	stripe + d-wave, m=5	9	1.656135747798851	0.9369943313971986	1	0.03981969217459361	0.003455921117619734
square__stripe_pairing_m005_chi200_loose	stripe + d-wave, m=5	10	1.656135747798851	0.9369977229304155	1	0.03980895280838013	0.003803440926372359
square__stripe_pairing_m005_chi200_loose	stripe + d-wave, m=5	11	1.656135747798851	0.9370018256986018	1	0.03985720800028907	0.004186099303474544
square__stripe_pairing_m005_chi200_loose	stripe + d-wave, m=5	12	1.656135747798851	0.9370068606041778	1	0.03966378331184387	0.004606776104229975
square__stripe_pairing_m005_chi200_loose	stripe + d-wave, m=5	13	1.656135747798851	0.93701312880552	1	0.0395176938507292	0.005067559305306636
square__stripe_pairing_m005_chi200_loose	stripe + d-wave, m=5	14	1.656135747798851	0.9370208060319339	1	0.03964875333838993	0.005572941390748006
square__stripe_pairing_m005_chi200_loose	stripe + d-wave, m=5	15	1.656135747798851	0.93703021491774	1	0.03975235720475515	0.006124882320392213
square__stripe_pairing_m005_chi200_loose	stripe + d-wave, m=5	16	1.656135747798851	0.937041645580391	1	0.03956446607907613	0.006727197076587442
square__stripe_pairing_m005_chi200_loose	stripe + d-wave, m=5	17	1.656135747798851	0.9370556220293876	1	0.03954594446553125	0.007384528859072583
square__stripe_pairing_m005_chi200_loose	stripe + d-wave, m=5	18	1.656135747798851	0.9370725247859798	1	0.03949850777784984	0.008099505669262206
square__stripe_pairing_m005_chi200_loose	stripe + d-wave, m=5	19	1.656135747798851	0.9370934135730127	1	0.03954169558154212	0.008874439957690718
square__stripe_pairing_m005_chi200_loose	stripe + d-wave, m=5	20	1.656135747798851	0.9371185491133082	1	0.03958151552412245	0.009710183899494209
square__stripe_pairing_m005_chi200_loose	stripe + d-wave, m=5	21	1.656135747798851	0.937148990181171	1	0.03958498722977109	0.01060784433516138
square__stripe_pairing_m005_chi200_loose	stripe + d-wave, m=5	22	1.656135747798851	0.9371668585658286	1	0.03960249304771423	0.01108983539812391
square__stripe_pairing_m005_chi200_loose	stripe + d-wave, m=5	23	1.656135747798851	0.9370250472814325	1	0.03952638473775652	0.003886303316796722
square__stripe_pairing_m005_chi200_loose	stripe + d-wave, m=5	24	1.656135747798851	0.9370196811289083	1	0.0396249775091807	0.003465518805771459
square__stripe_pairing_m005_chi200_loose	stripe + d-wave, m=5	25	1.656135747798851	0.9369979435079603	1	0.03962069001462724	0.001566295164098141
