source,geometry,L,U,V,t0,tp,density_target,branch,status,stored_iteration,canonical_energy_per_site,corrected_canonical_energy_per_site,correction_kind,density,global_relative_residual
C:\Users\Kevin\Documents\VS Code\MPS-MFT\ladder_mps_mft\output\phase1_gpu\20260908_square_two_basin_95_5_80_anchors\results\square__stripe_weak_other_t014_vm04_chi200_raw\square__stripe_weak_other__square_two_reference_correlations_eps005_raw__none__stripe_eps005\20260909T231851_497480_e93552440b67\state.h5,square,64,8.0,-0.4,1.4,0.1,0.9375,stripe_weak_other,maximum_iterations,1,-1.1668730920513581,-1.166870551258377,stored,0.9374951826581716,0.3805870136533854
C:\Users\Kevin\Documents\VS Code\MPS-MFT\ladder_mps_mft\output\phase1_gpu\20260908_square_two_basin_95_5_80_anchors\results\square__stripe_weak_other_t014_vm04_chi200_raw\square__stripe_weak_other__square_two_reference_correlations_eps005_raw__none__stripe_eps005\20260909T231851_497480_e93552440b67\state.h5,square,64,8.0,-0.4,1.4,0.1,0.9375,stripe_weak_other,maximum_iterations,2,-1.1672440803636561,-1.1672431952527067,stored,0.9374983608465663,0.24577676220042866
C:\Users\Kevin\Documents\VS Code\MPS-MFT\ladder_mps_mft\output\phase1_gpu\20260908_square_two_basin_95_5_80_anchors\results\square__stripe_weak_other_t014_vm04_chi200_raw\square__stripe_weak_other__square_two_reference_correlations_eps005_raw__none__stripe_eps005\20260909T231851_497480_e93552440b67\state.h5,square,64,8.0,-0.4,1.4,0.1,0.9375,stripe_weak_other,maximum_iterations,3,-1.1672391461103724,-1.1672390723925161,stored,0.9374998644515277,0.21599122831110557
C:\Users\Kevin\Documents\VS Code\MPS-MFT\ladder_mps_mft\output\phase1_gpu\20260908_square_two_basin_95_5_80_anchors\results\square__stripe_weak_other_t014_vm04_chi200_raw\square__stripe_weak_other__square_two_reference_correlations_eps005_raw__none__stripe_eps005\20260909T231851_497480_e93552440b67\state.h5,square,64,8.0,-0.4,1.4,0.1,0.9375,stripe_weak_other,maximum_iterations,4,-1.1673248807689514,-1.1673247065928924,stored,0.9374996807868635,0.18301877900887
C:\Users\Kevin\Documents\VS Code\MPS-MFT\ladder_mps_mft\output\phase1_gpu\20260908_square_two_basin_95_5_80_anchors\results\square__stripe_weak_other_t014_vm04_chi200_raw\square__stripe_weak_other__square_two_reference_correlations_eps005_raw__none__stripe_eps005\20260909T231851_497480_e93552440b67\state.h5,square,64,8.0,-0.4,1.4,0.1,0.9375,stripe_weak_other,maximum_iterations,5,-1.1673847202713554,-1.1673847290326784,stored,0.9375000160282717,0.10972986985376025
C:\Users\Kevin\Documents\VS Code\MPS-MFT\ladder_mps_mft\output\phase1_gpu\20260908_square_two_basin_95_5_80_anchors\results\square__stripe_weak_other_t014_vm04_chi200_raw\square__stripe_weak_other__square_two_reference_correlations_eps005_raw__none__stripe_eps005\20260909T231851_497480_e93552440b67\state.h5,square,64,8.0,-0.4,1.4,0.1,0.9375,stripe_weak_other,maximum_iterations,6,-1.1674020770959133,-1.1674003129737383,stored,0.9374967749910507,0.0683252094221413
C:\Users\Kevin\Documents\VS Code\MPS-MFT\ladder_mps_mft\output\phase1_gpu\20260908_square_two_basin_95_5_80_anchors\results\square__stripe_weak_other_t014_vm04_chi200_raw\square__stripe_weak_other__square_two_reference_correlations_eps005_raw__none__stripe_eps005\20260909T231851_497480_e93552440b67\state.h5,square,64,8.0,-0.4,1.4,0.1,0.9375,stripe_weak_other,maximum_iterations,7,-1.1674029092549538,-1.1674036248576456,stored,0.9375013078382815,0.04218904498966736
C:\Users\Kevin\Documents\VS Code\MPS-MFT\ladder_mps_mft\output\phase1_gpu\20260908_square_two_basin_95_5_80_anchors\results\square__stripe_weak_other_t014_vm04_chi200_raw\square__stripe_weak_other__square_two_reference_correlations_eps005_raw__none__stripe_eps005\20260909T231851_497480_e93552440b67\state.h5,square,64,8.0,-0.4,1.4,0.1,0.9375,stripe_weak_other,maximum_iterations,8,-1.1674043462264758,-1.167404460679441,stored,0.9375002091536806,0.025943087470922332
C:\Users\Kevin\Documents\VS Code\MPS-MFT\ladder_mps_mft\output\phase1_gpu\20260908_square_two_basin_95_5_80_anchors\results\square__stripe_weak_other_t014_vm04_chi200_raw\square__stripe_weak_other__square_two_reference_correlations_eps005_raw__none__stripe_eps005\20260909T231851_497480_e93552440b67\state.h5,square,64,8.0,-0.4,1.4,0.1,0.9375,stripe_weak_other,maximum_iterations,9,-1.1674046832881457,-1.167404689371445,stored,0.9375000111163331,0.015921060436404257
C:\Users\Kevin\Documents\VS Code\MPS-MFT\ladder_mps_mft\output\phase1_gpu\20260908_square_two_basin_95_5_80_anchors\results\square__stripe_weak_other_t014_vm04_chi200_raw\square__stripe_weak_other__square_two_reference_correlations_eps005_raw__none__stripe_eps005\20260909T231851_497480_e93552440b67\state.h5,square,64,8.0,-0.4,1.4,0.1,0.9375,stripe_weak_other,maximum_iterations,10,-1.167404761989122,-1.1674047572017565,stored,0.9374999912519181,0.009766334029833451
C:\Users\Kevin\Documents\VS Code\MPS-MFT\ladder_mps_mft\output\phase1_gpu\20260908_square_two_basin_95_5_80_anchors\results\square__stripe_weak_other_t014_vm04_chi200_raw\square__stripe_weak_other__square_two_reference_correlations_eps005_raw__none__stripe_eps005\20260909T231851_497480_e93552440b67\state.h5,square,64,8.0,-0.4,1.4,0.1,0.9375,stripe_weak_other,maximum_iterations,11,-1.1674078841477291,-1.1674048144942972,stored,0.9374943907393514,0.005991139317749476
C:\Users\Kevin\Documents\VS Code\MPS-MFT\ladder_mps_mft\output\phase1_gpu\20260908_square_two_basin_95_5_80_anchors\results\square__stripe_weak_other_t014_vm04_chi200_raw\square__stripe_weak_other__square_two_reference_correlations_eps005_raw__none__stripe_eps005\20260909T231851_497480_e93552440b67\state.h5,square,64,8.0,-0.4,1.4,0.1,0.9375,stripe_weak_other,maximum_iterations,12,-1.1674082401117927,-1.1674047957792135,stored,0.9374937060780231,0.0036753647140255873
C:\Users\Kevin\Documents\VS Code\MPS-MFT\ladder_mps_mft\output\phase1_gpu\20260908_square_two_basin_95_5_80_anchors\results\square__stripe_weak_other_t014_vm04_chi200_raw\square__stripe_weak_other__square_two_reference_correlations_eps005_raw__none__stripe_eps005\20260909T231851_497480_e93552440b67\state.h5,square,64,8.0,-0.4,1.4,0.1,0.9375,stripe_weak_other,maximum_iterations,13,-1.1674089813072928,-1.1674048068609582,stored,0.9374923719214323,0.0022549441723622404
C:\Users\Kevin\Documents\VS Code\MPS-MFT\ladder_mps_mft\output\phase1_gpu\20260908_square_two_basin_95_5_80_anchors\results\square__stripe_weak_other_t014_vm04_chi200_raw\square__stripe_weak_other__square_two_reference_correlations_eps005_raw__none__stripe_eps005\20260909T231851_497480_e93552440b67\state.h5,square,64,8.0,-0.4,1.4,0.1,0.9375,stripe_weak_other,maximum_iterations,14,-1.1674090199125573,-1.1674048001194897,stored,0.9374922890581217,0.0013841019905111095
C:\Users\Kevin\Documents\VS Code\MPS-MFT\ladder_mps_mft\output\phase1_gpu\20260908_square_two_basin_95_5_80_anchors\results\square__stripe_weak_other_t014_vm04_chi200_raw\square__stripe_weak_other__square_two_reference_correlations_eps005_raw__none__stripe_eps005\20260909T231851_497480_e93552440b67\state.h5,square,64,8.0,-0.4,1.4,0.1,0.9375,stripe_weak_other,maximum_iterations,15,-1.1674090845560208,-1.1674048009900009,stored,0.937492172524083,0.0008496130563933874
C:\Users\Kevin\Documents\VS Code\MPS-MFT\ladder_mps_mft\output\phase1_gpu\20260908_square_two_basin_95_5_80_anchors\results\square__stripe_weak_other_t014_vm04_chi200_raw\square__stripe_weak_other__square_two_reference_correlations_eps005_raw__none__stripe_eps005\20260909T231851_497480_e93552440b67\state.h5,square,64,8.0,-0.4,1.4,0.1,0.9375,stripe_weak_other,maximum_iterations,16,-1.167409081403283,-1.167404800477289,stored,0.9374921773482738,0.0005218422242965873
C:\Users\Kevin\Documents\VS Code\MPS-MFT\ladder_mps_mft\output\phase1_gpu\20260908_square_two_basin_95_5_80_anchors\results\square__stripe_weak_other_t014_vm04_chi200_raw\square__stripe_weak_other__square_two_reference_correlations_eps005_raw__none__stripe_eps005\20260909T231851_497480_e93552440b67\state.h5,square,64,8.0,-0.4,1.4,0.1,0.9375,stripe_weak_other,maximum_iterations,17,-1.1674090979081055,-1.1674048007526907,stored,0.9374921476918147,0.0003202148342244189
C:\Users\Kevin\Documents\VS Code\MPS-MFT\ladder_mps_mft\output\phase1_gpu\20260908_square_two_basin_95_5_80_anchors\results\square__stripe_weak_other_t014_vm04_chi200_raw\square__stripe_weak_other__square_two_reference_correlations_eps005_raw__none__stripe_eps005\20260909T231851_497480_e93552440b67\state.h5,square,64,8.0,-0.4,1.4,0.1,0.9375,stripe_weak_other,maximum_iterations,18,-1.167409104002725,-1.167404800671502,stored,0.9374921364065937,0.00019679190384270807
C:\Users\Kevin\Documents\VS Code\MPS-MFT\ladder_mps_mft\output\phase1_gpu\20260908_square_two_basin_95_5_80_anchors\results\square__stripe_weak_other_t014_vm04_chi200_raw\square__stripe_weak_other__square_two_reference_correlations_eps005_raw__none__stripe_eps005\20260909T231851_497480_e93552440b67\state.h5,square,64,8.0,-0.4,1.4,0.1,0.9375,stripe_weak_other,maximum_iterations,19,-1.1674089980164055,-1.1674047993416914,stored,0.9374923276482596,0.00012077011677799935
C:\Users\Kevin\Documents\VS Code\MPS-MFT\ladder_mps_mft\output\phase1_gpu\20260908_square_two_basin_95_5_80_anchors\results\square__stripe_weak_other_t014_vm04_chi200_raw\square__stripe_weak_other__square_two_reference_correlations_eps005_raw__none__stripe_eps005\20260909T231851_497480_e93552440b67\state.h5,square,64,8.0,-0.4,1.4,0.1,0.9375,stripe_weak_other,maximum_iterations,20,-1.1674091288281958,-1.1674048024798196,stored,0.9374920943467278,7.483386364048787e-05
C:\Users\Kevin\Documents\VS Code\MPS-MFT\ladder_mps_mft\output\phase1_gpu\20260908_square_two_basin_95_5_80_anchors\results\square__stripe_weak_other_t014_vm04_chi200_raw\square__stripe_weak_other__square_two_reference_correlations_eps005_raw__none__stripe_eps005\20260909T231851_497480_e93552440b67\state.h5,square,64,8.0,-0.4,1.4,0.1,0.9375,stripe_weak_other,maximum_iterations,21,-1.1674091022152147,-1.1674048003864737,stored,0.9374921391521196,4.6094174858395093e-05
C:\Users\Kevin\Documents\VS Code\MPS-MFT\ladder_mps_mft\output\phase1_gpu\20260908_square_two_basin_95_5_80_anchors\results\square__stripe_weak_other_t014_vm04_chi200_raw\square__stripe_weak_other__square_two_reference_correlations_eps005_raw__none__stripe_eps005\20260909T231851_497480_e93552440b67\state.h5,square,64,8.0,-0.4,1.4,0.1,0.9375,stripe_weak_other,maximum_iterations,22,-1.1674090927817735,-1.1674048005268916,stored,0.9374921566466905,3.244974153389045e-05
C:\Users\Kevin\Documents\VS Code\MPS-MFT\ladder_mps_mft\output\phase1_gpu\20260908_square_two_basin_95_5_80_anchors\results\square__stripe_weak_other_t014_vm04_chi200_raw\square__stripe_weak_other__square_two_reference_correlations_eps005_raw__none__stripe_eps005\20260909T231851_497480_e93552440b67\state.h5,square,64,8.0,-0.4,1.4,0.1,0.9375,stripe_weak_other,maximum_iterations,23,-1.1674088922441328,-1.1674047967139396,stored,0.9374925161270296,2.099316153152597e-05
C:\Users\Kevin\Documents\VS Code\MPS-MFT\ladder_mps_mft\output\phase1_gpu\20260908_square_two_basin_95_5_80_anchors\results\square__stripe_weak_other_t014_vm04_chi200_raw\square__stripe_weak_other__square_two_reference_correlations_eps005_raw__none__stripe_eps005\20260909T231851_497480_e93552440b67\state.h5,square,64,8.0,-0.4,1.4,0.1,0.9375,stripe_weak_other,maximum_iterations,24,-1.167409127387335,-1.1674048039583238,stored,0.9374920996813619,1.8635033360770127e-05
C:\Users\Kevin\Documents\VS Code\MPS-MFT\ladder_mps_mft\output\phase1_gpu\20260908_square_two_basin_95_5_80_anchors\results\square__stripe_weak_other_t014_vm04_chi200_raw\square__stripe_weak_other__square_two_reference_correlations_eps005_raw__none__stripe_eps005\20260909T231851_497480_e93552440b67\state.h5,square,64,8.0,-0.4,1.4,0.1,0.9375,stripe_weak_other,maximum_iterations,25,-1.1674091053544304,-1.1674048004626825,stored,0.937492133555004,1.4554434872337476e-05
C:\Users\Kevin\Documents\VS Code\MPS-MFT\ladder_mps_mft\output\phase1_gpu\20260908_square_two_basin_95_5_80_anchors\results\square__stripe_weak_other_t014_vm04_chi200_raw\square__stripe_weak_other__square_two_reference_correlations_eps005_raw__none__stripe_eps005\20260909T231851_497480_e93552440b67\state.h5,square,64,8.0,-0.4,1.4,0.1,0.9375,stripe_weak_other,maximum_iterations,26,-1.1674091151916282,-1.167404800758957,stored,0.9374921161206179,1.0417988771978426e-05
C:\Users\Kevin\Documents\VS Code\MPS-MFT\ladder_mps_mft\output\phase1_gpu\20260908_square_two_basin_95_5_80_anchors\results\square__stripe_weak_other_t014_vm04_chi200_raw\square__stripe_weak_other__square_two_reference_correlations_eps005_raw__none__stripe_eps005\20260909T231851_497480_e93552440b67\state.h5,square,64,8.0,-0.4,1.4,0.1,0.9375,stripe_weak_other,maximum_iterations,27,-1.1674091087430292,-1.1674048005928188,stored,0.9374921276007273,1.4084233326580195e-05
C:\Users\Kevin\Documents\VS Code\MPS-MFT\ladder_mps_mft\output\phase1_gpu\20260908_square_two_basin_95_5_80_anchors\results\square__stripe_weak_other_t014_vm04_chi200_raw\square__stripe_weak_other__square_two_reference_correlations_eps005_raw__none__stripe_eps005\20260909T231851_497480_e93552440b67\state.h5,square,64,8.0,-0.4,1.4,0.1,0.9375,stripe_weak_other,maximum_iterations,28,-1.1674090982381768,-1.1674048004006077,stored,0.9374921464452955,3.838153172870435e-06
C:\Users\Kevin\Documents\VS Code\MPS-MFT\ladder_mps_mft\output\phase1_gpu\20260908_square_two_basin_95_5_80_anchors\results\square__stripe_weak_other_t014_vm04_chi200_raw\square__stripe_weak_other__square_two_reference_correlations_eps005_raw__none__stripe_eps005\20260909T231851_497480_e93552440b67\state.h5,square,64,8.0,-0.4,1.4,0.1,0.9375,stripe_weak_other,maximum_iterations,29,-1.1674091091655838,-1.1674048007427498,stored,0.9374921271025549,5.636570114362824e-06
C:\Users\Kevin\Documents\VS Code\MPS-MFT\ladder_mps_mft\output\phase1_gpu\20260908_square_two_basin_95_5_80_anchors\results\square__stripe_weak_other_t014_vm04_chi200_raw\square__stripe_weak_other__square_two_reference_correlations_eps005_raw__none__stripe_eps005\20260909T231851_497480_e93552440b67\state.h5,square,64,8.0,-0.4,1.4,0.1,0.9375,stripe_weak_other,maximum_iterations,30,-1.167409092430366,-1.1674048003968311,stored,0.9374921570511641,5.3419955835913785e-06
C:\Users\Kevin\Documents\VS Code\MPS-MFT\ladder_mps_mft\output\phase1_gpu\20260908_square_two_basin_95_5_80_anchors\results\square__stripe_weak_other_t014_vm04_chi200_raw\square__stripe_weak_other__square_two_reference_correlations_eps005_raw__none__stripe_eps005\20260909T231851_497480_e93552440b67\state.h5,square,64,8.0,-0.4,1.4,0.1,0.9375,stripe_weak_other,maximum_iterations,31,-1.1674088997068208,-1.1674047968918935,stored,0.9374925028154377,1.1362456131783984e-05
C:\Users\Kevin\Documents\VS Code\MPS-MFT\ladder_mps_mft\output\phase1_gpu\20260908_square_two_basin_95_5_80_anchors\results\square__stripe_weak_other_t014_vm04_chi200_raw\square__stripe_weak_other__square_two_reference_correlations_eps005_raw__none__stripe_eps005\20260909T231851_497480_e93552440b67\state.h5,square,64,8.0,-0.4,1.4,0.1,0.9375,stripe_weak_other,maximum_iterations,32,-1.1674091358454948,-1.167404803917181,stored,0.9374920841503569,1.492116809878616e-05
C:\Users\Kevin\Documents\VS Code\MPS-MFT\ladder_mps_mft\output\phase1_gpu\20260908_square_two_basin_95_5_80_anchors\results\square__stripe_weak_other_t014_vm04_chi200_raw\square__stripe_weak_other__square_two_reference_correlations_eps005_raw__none__stripe_eps005\20260909T231851_497480_e93552440b67\state.h5,square,64,8.0,-0.4,1.4,0.1,0.9375,stripe_weak_other,maximum_iterations,33,-1.1674090934004342,-1.167404800323005,stored,0.9374921551436279,4.873707877278904e-06
C:\Users\Kevin\Documents\VS Code\MPS-MFT\ladder_mps_mft\output\phase1_gpu\20260908_square_two_basin_95_5_80_anchors\results\square__stripe_weak_other_t014_vm04_chi200_raw\square__stripe_weak_other__square_two_reference_correlations_eps005_raw__none__stripe_eps005\20260909T231851_497480_e93552440b67\state.h5,square,64,8.0,-0.4,1.4,0.1,0.9375,stripe_weak_other,maximum_iterations,34,-1.1674089982147957,-1.167404799499411,stored,0.9374923275739406,1.0416550194167017e-05
C:\Users\Kevin\Documents\VS Code\MPS-MFT\ladder_mps_mft\output\phase1_gpu\20260908_square_two_basin_95_5_80_anchors\results\square__stripe_weak_other_t014_vm04_chi200_raw\square__stripe_weak_other__square_two_reference_correlations_eps005_raw__none__stripe_eps005\20260909T231851_497480_e93552440b67\state.h5,square,64,8.0,-0.4,1.4,0.1,0.9375,stripe_weak_other,maximum_iterations,35,-1.1674088950208386,-1.1674047981649105,stored,0.9374925137044781,1.1179579808451543e-05
C:\Users\Kevin\Documents\VS Code\MPS-MFT\ladder_mps_mft\output\phase1_gpu\20260908_square_two_basin_95_5_80_anchors\results\square__stripe_weak_other_t014_vm04_chi200_raw\square__stripe_weak_other__square_two_reference_correlations_eps005_raw__none__stripe_eps005\20260909T231851_497480_e93552440b67\state.h5,square,64,8.0,-0.4,1.4,0.1,0.9375,stripe_weak_other,maximum_iterations,36,-1.1674091295934805,-1.167404804011807,stored,0.9374920957477441,9.715102552782141e-06
C:\Users\Kevin\Documents\VS Code\MPS-MFT\ladder_mps_mft\output\phase1_gpu\20260908_square_two_basin_95_5_80_anchors\results\square__stripe_weak_other_t014_vm04_chi200_raw\square__stripe_weak_other__square_two_reference_correlations_eps005_raw__none__stripe_eps005\20260909T231851_497480_e93552440b67\state.h5,square,64,8.0,-0.4,1.4,0.1,0.9375,stripe_weak_other,maximum_iterations,37,-1.1674091052723745,-1.1674048005271451,stored,0.9374921338227413,2.505276964510672e-06
C:\Users\Kevin\Documents\VS Code\MPS-MFT\ladder_mps_mft\output\phase1_gpu\20260908_square_two_basin_95_5_80_anchors\results\square__stripe_weak_other_t014_vm04_chi200_raw\square__stripe_weak_other__square_two_reference_correlations_eps005_raw__none__stripe_eps005\20260909T231851_497480_e93552440b67\state.h5,square,64,8.0,-0.4,1.4,0.1,0.9375,stripe_weak_other,maximum_iterations,38,-1.1674090918020779,-1.1674048004395856,stored,0.9374921582773784,5.02334722031323e-06
C:\Users\Kevin\Documents\VS Code\MPS-MFT\ladder_mps_mft\output\phase1_gpu\20260908_square_two_basin_95_5_80_anchors\results\square__stripe_weak_other_t014_vm04_chi200_raw\square__stripe_weak_other__square_two_reference_correlations_eps005_raw__none__stripe_eps005\20260909T231851_497480_e93552440b67\state.h5,square,64,8.0,-0.4,1.4,0.1,0.9375,stripe_weak_other,maximum_iterations,39,-1.1674091062234644,-1.1674048007666753,stored,0.9374921325224888,5.525320699222824e-06
C:\Users\Kevin\Documents\VS Code\MPS-MFT\ladder_mps_mft\output\phase1_gpu\20260908_square_two_basin_95_5_80_anchors\results\square__stripe_weak_other_t014_vm04_chi200_raw\square__stripe_weak_other__square_two_reference_correlations_eps005_raw__none__stripe_eps005\20260909T231851_497480_e93552440b67\state.h5,square,64,8.0,-0.4,1.4,0.1,0.9375,stripe_weak_other,maximum_iterations,40,-1.1674090964708925,-1.16740480053033,stored,0.937492149911747,9.923000053078967e-06
C:\Users\Kevin\Documents\VS Code\MPS-MFT\ladder_mps_mft\output\phase1_gpu\20260908_square_two_basin_95_5_80_anchors\results\square__stripe_weak_other_t014_vm04_chi200_raw\square__stripe_weak_other__square_two_reference_correlations_eps005_raw__none__stripe_eps005\20260909T231851_497480_e93552440b67\state.h5,square,64,8.0,-0.4,1.4,0.1,0.9375,stripe_weak_other,maximum_iterations,41,-1.1674088990472231,-1.1674047968502554,stored,0.9374925039446523,9.740308108154834e-06
C:\Users\Kevin\Documents\VS Code\MPS-MFT\ladder_mps_mft\output\phase1_gpu\20260908_square_two_basin_95_5_80_anchors\results\square__stripe_weak_other_t014_vm04_chi200_raw\square__stripe_weak_other__square_two_reference_correlations_eps005_raw__none__stripe_eps005\20260909T231851_497480_e93552440b67\state.h5,square,64,8.0,-0.4,1.4,0.1,0.9375,stripe_weak_other,maximum_iterations,42,-1.1674091345512239,-1.167404803932107,stored,0.937492086542688,1.0409419438611296e-05
C:\Users\Kevin\Documents\VS Code\MPS-MFT\ladder_mps_mft\output\phase1_gpu\20260908_square_two_basin_95_5_80_anchors\results\square__stripe_weak_other_t014_vm04_chi200_raw\square__stripe_weak_other__square_two_reference_correlations_eps005_raw__none__stripe_eps005\20260909T231851_497480_e93552440b67\state.h5,square,64,8.0,-0.4,1.4,0.1,0.9375,stripe_weak_other,maximum_iterations,43,-1.167409096729985,-1.1674048003508266,stored,0.9374921491102889,1.2469164509860963e-05
C:\Users\Kevin\Documents\VS Code\MPS-MFT\ladder_mps_mft\output\phase1_gpu\20260908_square_two_basin_95_5_80_anchors\results\square__stripe_weak_other_t014_vm04_chi200_raw\square__stripe_weak_other__square_two_reference_correlations_eps005_raw__none__stripe_eps005\20260909T231851_497480_e93552440b67\state.h5,square,64,8.0,-0.4,1.4,0.1,0.9375,stripe_weak_other,maximum_iterations,44,-1.1674091031014755,-1.1674048007289068,stored,0.9374921381583686,9.536631681743791e-06
C:\Users\Kevin\Documents\VS Code\MPS-MFT\ladder_mps_mft\output\phase1_gpu\20260908_square_two_basin_95_5_80_anchors\results\square__stripe_weak_other_t014_vm04_chi200_raw\square__stripe_weak_other__square_two_reference_correlations_eps005_raw__none__stripe_eps005\20260909T231851_497480_e93552440b67\state.h5,square,64,8.0,-0.4,1.4,0.1,0.9375,stripe_weak_other,maximum_iterations,45,-1.1674091020710373,-1.1674048006056623,stored,0.9374921398161082,1.3053387034719349e-05
C:\Users\Kevin\Documents\VS Code\MPS-MFT\ladder_mps_mft\output\phase1_gpu\20260908_square_two_basin_95_5_80_anchors\results\square__stripe_weak_other_t014_vm04_chi200_raw\square__stripe_weak_other__square_two_reference_correlations_eps005_raw__none__stripe_eps005\20260909T231851_497480_e93552440b67\state.h5,square,64,8.0,-0.4,1.4,0.1,0.9375,stripe_weak_other,maximum_iterations,46,-1.1674091051009208,-1.1674048006709552,stored,0.9374921343988314,6.416365534082486e-06
C:\Users\Kevin\Documents\VS Code\MPS-MFT\ladder_mps_mft\output\phase1_gpu\20260908_square_two_basin_95_5_80_anchors\results\square__stripe_weak_other_t014_vm04_chi200_raw\square__stripe_weak_other__square_two_reference_correlations_eps005_raw__none__stripe_eps005\20260909T231851_497480_e93552440b67\state.h5,square,64,8.0,-0.4,1.4,0.1,0.9375,stripe_weak_other,maximum_iterations,47,-1.1674090993590285,-1.167404800621361,stored,0.9374921448005219,1.0933525040567282e-05
C:\Users\Kevin\Documents\VS Code\MPS-MFT\ladder_mps_mft\output\phase1_gpu\20260908_square_two_basin_95_5_80_anchors\results\square__stripe_weak_other_t014_vm04_chi200_raw\square__stripe_weak_other__square_two_reference_correlations_eps005_raw__none__stripe_eps005\20260909T231851_497480_e93552440b67\state.h5,square,64,8.0,-0.4,1.4,0.1,0.9375,stripe_weak_other,maximum_iterations,48,-1.1674091102702846,-1.1674048007757738,stored,0.9374921251442512,1.769189415130613e-05
C:\Users\Kevin\Documents\VS Code\MPS-MFT\ladder_mps_mft\output\phase1_gpu\20260908_square_two_basin_95_5_80_anchors\results\square__stripe_weak_other_t014_vm04_chi200_raw\square__stripe_weak_other__square_two_reference_correlations_eps005_raw__none__stripe_eps005\20260909T231851_497480_e93552440b67\state.h5,square,64,8.0,-0.4,1.4,0.1,0.9375,stripe_weak_other,maximum_iterations,49,-1.1674091058228409,-1.1674048005845816,stored,0.9374921329218149,8.088362012576745e-06
C:\Users\Kevin\Documents\VS Code\MPS-MFT\ladder_mps_mft\output\phase1_gpu\20260908_square_two_basin_95_5_80_anchors\results\square__stripe_weak_other_t014_vm04_chi200_raw\square__stripe_weak_other__square_two_reference_correlations_eps005_raw__none__stripe_eps005\20260909T231851_497480_e93552440b67\state.h5,square,64,8.0,-0.4,1.4,0.1,0.9375,stripe_weak_other,maximum_iterations,50,-1.1674090973419045,-1.167404800540097,stored,0.9374921483379711,5.435945634843069e-06
C:\Users\Kevin\Documents\VS Code\MPS-MFT\ladder_mps_mft\output\phase1_gpu\20260908_square_two_basin_95_5_80_anchors\results\square__stripe_weak_other_t014_vm04_chi200_raw\square__stripe_weak_other__square_two_reference_correlations_eps005_raw__none__stripe_eps005\20260909T231851_497480_e93552440b67\state.h5,square,64,8.0,-0.4,1.4,0.1,0.9375,stripe_weak_other,maximum_iterations,51,-1.167409100505052,-1.167404800580885,stored,0.9374921426323992,5.7286901181141e-06
C:\Users\Kevin\Documents\VS Code\MPS-MFT\ladder_mps_mft\output\phase1_gpu\20260908_square_two_basin_95_5_80_anchors\results\square__stripe_weak_other_t014_vm04_chi200_raw\square__stripe_weak_other__square_two_reference_correlations_eps005_raw__none__stripe_eps005\20260909T231851_497480_e93552440b67\state.h5,square,64,8.0,-0.4,1.4,0.1,0.9375,stripe_weak_other,maximum_iterations,52,-1.1674089027775933,-1.1674047967178423,stored,0.9374924968860837,9.285900752832789e-06
C:\Users\Kevin\Documents\VS Code\MPS-MFT\ladder_mps_mft\output\phase1_gpu\20260908_square_two_basin_95_5_80_anchors\results\square__stripe_weak_other_t014_vm04_chi200_raw\square__stripe_weak_other__square_two_reference_correlations_eps005_raw__none__stripe_eps005\20260909T231851_497480_e93552440b67\state.h5,square,64,8.0,-0.4,1.4,0.1,0.9375,stripe_weak_other,maximum_iterations,53,-1.1674091327753102,-1.1674048038424554,stored,0.9374920896240397,1.054377850135473e-05
C:\Users\Kevin\Documents\VS Code\MPS-MFT\ladder_mps_mft\output\phase1_gpu\20260908_square_two_basin_95_5_80_anchors\results\square__stripe_weak_other_t014_vm04_chi200_raw\square__stripe_weak_other__square_two_reference_correlations_eps005_raw__none__stripe_eps005\20260909T231851_497480_e93552440b67\state.h5,square,64,8.0,-0.4,1.4,0.1,0.9375,stripe_weak_other,maximum_iterations,54,-1.1674090955361776,-1.167404800407868,stored,0.9374921513959987,1.649614153258237e-05
C:\Users\Kevin\Documents\VS Code\MPS-MFT\ladder_mps_mft\output\phase1_gpu\20260908_square_two_basin_95_5_80_anchors\results\square__stripe_weak_other_t014_vm04_chi200_raw\square__stripe_weak_other__square_two_reference_correlations_eps005_raw__none__stripe_eps005\20260909T231851_497480_e93552440b67\state.h5,square,64,8.0,-0.4,1.4,0.1,0.9375,stripe_weak_other,maximum_iterations,55,-1.1674091211983568,-1.167404800986572,stored,0.9374921055602868,7.505220657318544e-06
C:\Users\Kevin\Documents\VS Code\MPS-MFT\ladder_mps_mft\output\phase1_gpu\20260908_square_two_basin_95_5_80_anchors\results\square__stripe_weak_other_t014_vm04_chi200_raw\square__stripe_weak_other__square_two_reference_correlations_eps005_raw__none__stripe_eps005\20260909T231851_497480_e93552440b67\state.h5,square,64,8.0,-0.4,1.4,0.1,0.9375,stripe_weak_other,maximum_iterations,56,-1.1674091020436344,-1.167404800424807,stored,0.9374921395357002,1.454433658021663e-05
C:\Users\Kevin\Documents\VS Code\MPS-MFT\ladder_mps_mft\output\phase1_gpu\20260908_square_two_basin_95_5_80_anchors\results\square__stripe_weak_other_t014_vm04_chi200_raw\square__stripe_weak_other__square_two_reference_correlations_eps005_raw__none__stripe_eps005\20260909T231851_497480_e93552440b67\state.h5,square,64,8.0,-0.4,1.4,0.1,0.9375,stripe_weak_other,maximum_iterations,57,-1.1674088916447718,-1.16740479657932,stored,0.9374925169762642,1.0433338050445509e-05
C:\Users\Kevin\Documents\VS Code\MPS-MFT\ladder_mps_mft\output\phase1_gpu\20260908_square_two_basin_95_5_80_anchors\results\square__stripe_weak_other_t014_vm04_chi200_raw\square__stripe_weak_other__square_two_reference_correlations_eps005_raw__none__stripe_eps005\20260909T231851_497480_e93552440b67\state.h5,square,64,8.0,-0.4,1.4,0.1,0.9375,stripe_weak_other,maximum_iterations,58,-1.1674089395319858,-1.1674048002254482,stored,0.9374924361333327,3.861702919213752e-06
C:\Users\Kevin\Documents\VS Code\MPS-MFT\ladder_mps_mft\output\phase1_gpu\20260908_square_two_basin_95_5_80_anchors\results\square__stripe_weak_other_t014_vm04_chi200_raw\square__stripe_weak_other__square_two_reference_correlations_eps005_raw__none__stripe_eps005\20260909T231851_497480_e93552440b67\state.h5,square,64,8.0,-0.4,1.4,0.1,0.9375,stripe_weak_other,maximum_iterations,59,-1.1674091207738533,-1.1674048034158262,stored,0.9374921107750356,9.440174211067805e-06
C:\Users\Kevin\Documents\VS Code\MPS-MFT\ladder_mps_mft\output\phase1_gpu\20260908_square_two_basin_95_5_80_anchors\results\square__stripe_weak_other_t014_vm04_chi200_raw\square__stripe_weak_other__square_two_reference_correlations_eps005_raw__none__stripe_eps005\20260909T231851_497480_e93552440b67\state.h5,square,64,8.0,-0.4,1.4,0.1,0.9375,stripe_weak_other,maximum_iterations,60,-1.167409109436962,-1.1674048006067794,stored,0.937492126358196,1.065512837231745e-05
C:\Users\Kevin\Documents\VS Code\MPS-MFT\ladder_mps_mft\output\phase1_gpu\20260908_square_two_basin_95_5_80_anchors\results\square__stripe_weak_other_t014_vm04_chi200_raw\square__stripe_weak_other__square_two_reference_correlations_eps005_raw__none__stripe_eps005\20260909T231851_497480_e93552440b67\state.h5,square,64,8.0,-0.4,1.4,0.1,0.9375,stripe_weak_other,maximum_iterations,61,-1.1674090984847687,-1.1674048005329711,stored,0.9374921462365629,8.882315836584404e-06
C:\Users\Kevin\Documents\VS Code\MPS-MFT\ladder_mps_mft\output\phase1_gpu\20260908_square_two_basin_95_5_80_anchors\results\square__stripe_weak_other_t014_vm04_chi200_raw\square__stripe_weak_other__square_two_reference_correlations_eps005_raw__none__stripe_eps005\20260909T231851_497480_e93552440b67\state.h5,square,64,8.0,-0.4,1.4,0.1,0.9375,stripe_weak_other,maximum_iterations,62,-1.167409112455027,-1.167404800756254,stored,0.9374921211163437,9.360957048934611e-06
C:\Users\Kevin\Documents\VS Code\MPS-MFT\ladder_mps_mft\output\phase1_gpu\20260908_square_two_basin_95_5_80_anchors\results\square__stripe_weak_other_t014_vm04_chi200_raw\square__stripe_weak_other__square_two_reference_correlations_eps005_raw__none__stripe_eps005\20260909T231851_497480_e93552440b67\state.h5,square,64,8.0,-0.4,1.4,0.1,0.9375,stripe_weak_other,maximum_iterations,63,-1.1674091055509837,-1.1674048006017612,stored,0.9374921334499797,1.1583796885984262e-05
C:\Users\Kevin\Documents\VS Code\MPS-MFT\ladder_mps_mft\output\phase1_gpu\20260908_square_two_basin_95_5_80_anchors\results\square__stripe_weak_other_t014_vm04_chi200_raw\square__stripe_weak_other__square_two_reference_correlations_eps005_raw__none__stripe_eps005\20260909T231851_497480_e93552440b67\state.h5,square,64,8.0,-0.4,1.4,0.1,0.9375,stripe_weak_other,maximum_iterations,64,-1.1674091014032166,-1.1674048005734468,stored,0.9374921409775662,6.030276094110861e-06
C:\Users\Kevin\Documents\VS Code\MPS-MFT\ladder_mps_mft\output\phase1_gpu\20260908_square_two_basin_95_5_80_anchors\results\square__stripe_weak_other_t014_vm04_chi200_raw\square__stripe_weak_other__square_two_reference_correlations_eps005_raw__none__stripe_eps005\20260909T231851_497480_e93552440b67\state.h5,square,64,8.0,-0.4,1.4,0.1,0.9375,stripe_weak_other,maximum_iterations,65,-1.1674090996509499,-1.1674048006177609,stored,0.9374921442605074,1.1996827727534265e-05
C:\Users\Kevin\Documents\VS Code\MPS-MFT\ladder_mps_mft\output\phase1_gpu\20260908_square_two_basin_95_5_80_anchors\results\square__stripe_weak_other_t014_vm04_chi200_raw\square__stripe_weak_other__square_two_reference_correlations_eps005_raw__none__stripe_eps005\20260909T231851_497480_e93552440b67\state.h5,square,64,8.0,-0.4,1.4,0.1,0.9375,stripe_weak_other,maximum_iterations,66,-1.1674091099854804,-1.1674048007048734,stored,0.9374921255351234,8.74245303125919e-06
C:\Users\Kevin\Documents\VS Code\MPS-MFT\ladder_mps_mft\output\phase1_gpu\20260908_square_two_basin_95_5_80_anchors\results\square__stripe_weak_other_t014_vm04_chi200_raw\square__stripe_weak_other__square_two_reference_correlations_eps005_raw__none__stripe_eps005\20260909T231851_497480_e93552440b67\state.h5,square,64,8.0,-0.4,1.4,0.1,0.9375,stripe_weak_other,maximum_iterations,67,-1.1674091034463776,-1.1674048005690034,stored,0.9374921372359236,1.1182825263482496e-05
C:\Users\Kevin\Documents\VS Code\MPS-MFT\ladder_mps_mft\output\phase1_gpu\20260908_square_two_basin_95_5_80_anchors\results\square__stripe_weak_other_t014_vm04_chi200_raw\square__stripe_weak_other__square_two_reference_correlations_eps005_raw__none__stripe_eps005\20260909T231851_497480_e93552440b67\state.h5,square,64,8.0,-0.4,1.4,0.1,0.9375,stripe_weak_other,maximum_iterations,68,-1.1674090978967444,-1.1674048005053521,stored,0.9374921472606068,1.1399993122989265e-05
C:\Users\Kevin\Documents\VS Code\MPS-MFT\ladder_mps_mft\output\phase1_gpu\20260908_square_two_basin_95_5_80_anchors\results\square__stripe_weak_other_t014_vm04_chi200_raw\square__stripe_weak_other__square_two_reference_correlations_eps005_raw__none__stripe_eps005\20260909T231851_497480_e93552440b67\state.h5,square,64,8.0,-0.4,1.4,0.1,0.9375,stripe_weak_other,maximum_iterations,69,-1.1674090966673618,-1.1674048005983195,stored,0.9374921496769724,6.547821942334227e-06
C:\Users\Kevin\Documents\VS Code\MPS-MFT\ladder_mps_mft\output\phase1_gpu\20260908_square_two_basin_95_5_80_anchors\results\square__stripe_weak_other_t014_vm04_chi200_raw\square__stripe_weak_other__square_two_reference_correlations_eps005_raw__none__stripe_eps005\20260909T231851_497480_e93552440b67\state.h5,square,64,8.0,-0.4,1.4,0.1,0.9375,stripe_weak_other,maximum_iterations,70,-1.1674091002408662,-1.167404800697063,stored,0.937492143327448,5.851044374131211e-06
C:\Users\Kevin\Documents\VS Code\MPS-MFT\ladder_mps_mft\output\phase1_gpu\20260908_square_two_basin_95_5_80_anchors\results\square__stripe_weak_other_t014_vm04_chi200_raw\square__stripe_weak_other__square_two_reference_correlations_eps005_raw__none__stripe_eps005\20260909T231851_497480_e93552440b67\state.h5,square,64,8.0,-0.4,1.4,0.1,0.9375,stripe_weak_other,maximum_iterations,71,-1.16740910874044,-1.1674048007112867,stored,0.9374921278219388,7.293829376405175e-06
C:\Users\Kevin\Documents\VS Code\MPS-MFT\ladder_mps_mft\output\phase1_gpu\20260908_square_two_basin_95_5_80_anchors\results\square__stripe_weak_other_t014_vm04_chi200_raw\square__stripe_weak_other__square_two_reference_correlations_eps005_raw__none__stripe_eps005\20260909T231851_497480_e93552440b67\state.h5,square,64,8.0,-0.4,1.4,0.1,0.9375,stripe_weak_other,maximum_iterations,72,-1.1674090937744497,-1.1674048004460247,stored,0.9374921546849766,5.805412448755158e-06
C:\Users\Kevin\Documents\VS Code\MPS-MFT\ladder_mps_mft\output\phase1_gpu\20260908_square_two_basin_95_5_80_anchors\results\square__stripe_weak_other_t014_vm04_chi200_raw\square__stripe_weak_other__square_two_reference_correlations_eps005_raw__none__stripe_eps005\20260909T231851_497480_e93552440b67\state.h5,square,64,8.0,-0.4,1.4,0.1,0.9375,stripe_weak_other,maximum_iterations,73,-1.167408904651447,-1.1674047968628798,stored,0.9374924937269713,1.4698408938484603e-05
C:\Users\Kevin\Documents\VS Code\MPS-MFT\ladder_mps_mft\output\phase1_gpu\20260908_square_two_basin_95_5_80_anchors\results\square__stripe_weak_other_t014_vm04_chi200_raw\square__stripe_weak_other__square_two_reference_correlations_eps005_raw__none__stripe_eps005\20260909T231851_497480_e93552440b67\state.h5,square,64,8.0,-0.4,1.4,0.1,0.9375,stripe_weak_other,maximum_iterations,74,-1.1674091326427,-1.1674048038261857,stored,0.9374920898366325,1.2111388457465015e-05
C:\Users\Kevin\Documents\VS Code\MPS-MFT\ladder_mps_mft\output\phase1_gpu\20260908_square_two_basin_95_5_80_anchors\results\square__stripe_weak_other_t014_vm04_chi200_raw\square__stripe_weak_other__square_two_reference_correlations_eps005_raw__none__stripe_eps005\20260909T231851_497480_e93552440b67\state.h5,square,64,8.0,-0.4,1.4,0.1,0.9375,stripe_weak_other,maximum_iterations,75,-1.167409098874046,-1.1674048003823962,stored,0.9374921452500764,1.2553907054636664e-05
C:\Users\Kevin\Documents\VS Code\MPS-MFT\ladder_mps_mft\output\phase1_gpu\20260908_square_two_basin_95_5_80_anchors\results\square__stripe_weak_other_t014_vm04_chi200_raw\square__stripe_weak_other__square_two_reference_correlations_eps005_raw__none__stripe_eps005\20260909T231851_497480_e93552440b67\state.h5,square,64,8.0,-0.4,1.4,0.1,0.9375,stripe_weak_other,maximum_iterations,76,-1.1674090924476213,-1.1674048005300313,stored,0.9374921572630335,1.1944691871189161e-05
C:\Users\Kevin\Documents\VS Code\MPS-MFT\ladder_mps_mft\output\phase1_gpu\20260908_square_two_basin_95_5_80_anchors\results\square__stripe_weak_other_t014_vm04_chi200_raw\square__stripe_weak_other__square_two_reference_correlations_eps005_raw__none__stripe_eps005\20260909T231851_497480_e93552440b67\state.h5,square,64,8.0,-0.4,1.4,0.1,0.9375,stripe_weak_other,maximum_iterations,77,-1.1674091157721094,-1.1674048009175693,stored,0.937492115349725,6.834593077274914e-06
C:\Users\Kevin\Documents\VS Code\MPS-MFT\ladder_mps_mft\output\phase1_gpu\20260908_square_two_basin_95_5_80_anchors\results\square__stripe_weak_other_t014_vm04_chi200_raw\square__stripe_weak_other__square_two_reference_correlations_eps005_raw__none__stripe_eps005\20260909T231851_497480_e93552440b67\state.h5,square,64,8.0,-0.4,1.4,0.1,0.9375,stripe_weak_other,maximum_iterations,78,-1.1674090948923332,-1.1674048004025805,stored,0.937492152562851,1.3158248982196287e-05
C:\Users\Kevin\Documents\VS Code\MPS-MFT\ladder_mps_mft\output\phase1_gpu\20260908_square_two_basin_95_5_80_anchors\results\square__stripe_weak_other_t014_vm04_chi200_raw\square__stripe_weak_other__square_two_reference_correlations_eps005_raw__none__stripe_eps005\20260909T231851_497480_e93552440b67\state.h5,square,64,8.0,-0.4,1.4,0.1,0.9375,stripe_weak_other,maximum_iterations,79,-1.167409099363039,-1.1674048005902713,stored,0.9374921447363822,1.130248373212293e-05
C:\Users\Kevin\Documents\VS Code\MPS-MFT\ladder_mps_mft\output\phase1_gpu\20260908_square_two_basin_95_5_80_anchors\results\square__stripe_weak_other_t014_vm04_chi200_raw\square__stripe_weak_other__square_two_reference_correlations_eps005_raw__none__stripe_eps005\20260909T231851_497480_e93552440b67\state.h5,square,64,8.0,-0.4,1.4,0.1,0.9375,stripe_weak_other,maximum_iterations,80,-1.1674091140138898,-1.1674048007866273,stored,0.937492118323293,1.0370269563610053e-05
C:\Users\Kevin\Documents\VS Code\MPS-MFT\ladder_mps_mft\output\phase1_gpu\20260908_square_two_basin_95_5_80_anchors\results\square__pairing_weak_other_t014_vm04_chi200_raw\square__pairing_weak_other__square_two_reference_correlations_eps005_raw__none__pairing_eps005\20260910T084630_1156171_e93552440b67\state.h5,square,64,8.0,-0.4,1.4,0.1,0.9375,pairing_weak_other,maximum_iterations,1,-1.1673603095891942,-1.1673602388256485,stored,0.9374998706561358,0.045385924157680974
C:\Users\Kevin\Documents\VS Code\MPS-MFT\ladder_mps_mft\output\phase1_gpu\20260908_square_two_basin_95_5_80_anchors\results\square__pairing_weak_other_t014_vm04_chi200_raw\square__pairing_weak_other__square_two_reference_correlations_eps005_raw__none__pairing_eps005\20260910T084630_1156171_e93552440b67\state.h5,square,64,8.0,-0.4,1.4,0.1,0.9375,pairing_weak_other,maximum_iterations,2,-1.1674077729887737,-1.167404428089337,stored,0.9374938875173966,0.02140903817982191
C:\Users\Kevin\Documents\VS Code\MPS-MFT\ladder_mps_mft\output\phase1_gpu\20260908_square_two_basin_95_5_80_anchors\results\square__pairing_weak_other_t014_vm04_chi200_raw\square__pairing_weak_other__square_two_reference_correlations_eps005_raw__none__pairing_eps005\20260910T084630_1156171_e93552440b67\state.h5,square,64,8.0,-0.4,1.4,0.1,0.9375,pairing_weak_other,maximum_iterations,3,-1.1674045125635193,-1.167404511179609,stored,0.937499997471123,0.01300627352894295
C:\Users\Kevin\Documents\VS Code\MPS-MFT\ladder_mps_mft\output\phase1_gpu\20260908_square_two_basin_95_5_80_anchors\results\square__pairing_weak_other_t014_vm04_chi200_raw\square__pairing_weak_other__square_two_reference_correlations_eps005_raw__none__pairing_eps005\20260910T084630_1156171_e93552440b67\state.h5,square,64,8.0,-0.4,1.4,0.1,0.9375,pairing_weak_other,maximum_iterations,4,-1.167404749562396,-1.1674047559531295,stored,0.9375000116779291,0.007931853975851751
C:\Users\Kevin\Documents\VS Code\MPS-MFT\ladder_mps_mft\output\phase1_gpu\20260908_square_two_basin_95_5_80_anchors\results\square__pairing_weak_other_t014_vm04_chi200_raw\square__pairing_weak_other__square_two_reference_correlations_eps005_raw__none__pairing_eps005\20260910T084630_1156171_e93552440b67\state.h5,square,64,8.0,-0.4,1.4,0.1,0.9375,pairing_weak_other,maximum_iterations,5,-1.1674069462499805,-1.1674048082160997,stored,0.9374960931232101,0.004843696696224246
C:\Users\Kevin\Documents\VS Code\MPS-MFT\ladder_mps_mft\output\phase1_gpu\20260908_square_two_basin_95_5_80_anchors\results\square__pairing_weak_other_t014_vm04_chi200_raw\square__pairing_weak_other__square_two_reference_correlations_eps005_raw__none__pairing_eps005\20260910T084630_1156171_e93552440b67\state.h5,square,64,8.0,-0.4,1.4,0.1,0.9375,pairing_weak_other,maximum_iterations,6,-1.1674070608742726,-1.1674047953184112,stored,0.9374958600994627,0.0029593558562099986
C:\Users\Kevin\Documents\VS Code\MPS-MFT\ladder_mps_mft\output\phase1_gpu\20260908_square_two_basin_95_5_80_anchors\results\square__pairing_weak_other_t014_vm04_chi200_raw\square__pairing_weak_other__square_two_reference_correlations_eps005_raw__none__pairing_eps005\20260910T084630_1156171_e93552440b67\state.h5,square,64,8.0,-0.4,1.4,0.1,0.9375,pairing_weak_other,maximum_iterations,7,-1.1674076809382332,-1.1674048065701332,stored,0.9374947476033391,0.0018087795060685447
C:\Users\Kevin\Documents\VS Code\MPS-MFT\ladder_mps_mft\output\phase1_gpu\20260908_square_two_basin_95_5_80_anchors\results\square__pairing_weak_other_t014_vm04_chi200_raw\square__pairing_weak_other__square_two_reference_correlations_eps005_raw__none__pairing_eps005\20260910T084630_1156171_e93552440b67\state.h5,square,64,8.0,-0.4,1.4,0.1,0.9375,pairing_weak_other,maximum_iterations,8,-1.1674074864168884,-1.1674047964965968,stored,0.9374950846489154,0.001106471598815073
C:\Users\Kevin\Documents\VS Code\MPS-MFT\ladder_mps_mft\output\phase1_gpu\20260908_square_two_basin_95_5_80_anchors\results\square__pairing_weak_other_t014_vm04_chi200_raw\square__pairing_weak_other__square_two_reference_correlations_eps005_raw__none__pairing_eps005\20260910T084630_1156171_e93552440b67\state.h5,square,64,8.0,-0.4,1.4,0.1,0.9375,pairing_weak_other,maximum_iterations,9,-1.1674077639456202,-1.1674048042845055,stored,0.9374945917455196,0.0006768010942428213
C:\Users\Kevin\Documents\VS Code\MPS-MFT\ladder_mps_mft\output\phase1_gpu\20260908_square_two_basin_95_5_80_anchors\results\square__pairing_weak_other_t014_vm04_chi200_raw\square__pairing_weak_other__square_two_reference_correlations_eps005_raw__none__pairing_eps005\20260910T084630_1156171_e93552440b67\state.h5,square,64,8.0,-0.4,1.4,0.1,0.9375,pairing_weak_other,maximum_iterations,10,-1.1674077541854357,-1.167404800703919,stored,0.9374946030376359,0.00041411639367700583
C:\Users\Kevin\Documents\VS Code\MPS-MFT\ladder_mps_mft\output\phase1_gpu\20260908_square_two_basin_95_5_80_anchors\results\square__pairing_weak_other_t014_vm04_chi200_raw\square__pairing_weak_other__square_two_reference_correlations_eps005_raw__none__pairing_eps005\20260910T084630_1156171_e93552440b67\state.h5,square,64,8.0,-0.4,1.4,0.1,0.9375,pairing_weak_other,maximum_iterations,11,-1.1674077443146813,-1.1674048006759894,stored,0.9374946210236483,0.0002538676656348794
C:\Users\Kevin\Documents\VS Code\MPS-MFT\ladder_mps_mft\output\phase1_gpu\20260908_square_two_basin_95_5_80_anchors\results\square__pairing_weak_other_t014_vm04_chi200_raw\square__pairing_weak_other__square_two_reference_correlations_eps005_raw__none__pairing_eps005\20260910T084630_1156171_e93552440b67\state.h5,square,64,8.0,-0.4,1.4,0.1,0.9375,pairing_weak_other,maximum_iterations,12,-1.1674077568739278,-1.167404800963194,stored,0.9374945985986736,0.00015538719565846395
C:\Users\Kevin\Documents\VS Code\MPS-MFT\ladder_mps_mft\output\phase1_gpu\20260908_square_two_basin_95_5_80_anchors\results\square__pairing_weak_other_t014_vm04_chi200_raw\square__pairing_weak_other__square_two_reference_correlations_eps005_raw__none__pairing_eps005\20260910T084630_1156171_e93552440b67\state.h5,square,64,8.0,-0.4,1.4,0.1,0.9375,pairing_weak_other,maximum_iterations,13,-1.1674077483245013,-1.1674048007016673,stored,0.9374946137433369,9.520008844039808e-05
C:\Users\Kevin\Documents\VS Code\MPS-MFT\ladder_mps_mft\output\phase1_gpu\20260908_square_two_basin_95_5_80_anchors\results\square__pairing_weak_other_t014_vm04_chi200_raw\square__pairing_weak_other__square_two_reference_correlations_eps005_raw__none__pairing_eps005\20260910T084630_1156171_e93552440b67\state.h5,square,64,8.0,-0.4,1.4,0.1,0.9375,pairing_weak_other,maximum_iterations,14,-1.167407551932927,-1.1674047969340895,stored,0.9374949657294432,6.046194222600353e-05
C:\Users\Kevin\Documents\VS Code\MPS-MFT\ladder_mps_mft\output\phase1_gpu\20260908_square_two_basin_95_5_80_anchors\results\square__pairing_weak_other_t014_vm04_chi200_raw\square__pairing_weak_other__square_two_reference_correlations_eps005_raw__none__pairing_eps005\20260910T084630_1156171_e93552440b67\state.h5,square,64,8.0,-0.4,1.4,0.1,0.9375,pairing_weak_other,maximum_iterations,15,-1.1674077995933445,-1.1674048042164318,stored,0.9374945264812485,3.781473423917624e-05
C:\Users\Kevin\Documents\VS Code\MPS-MFT\ladder_mps_mft\output\phase1_gpu\20260908_square_two_basin_95_5_80_anchors\results\square__pairing_weak_other_t014_vm04_chi200_raw\square__pairing_weak_other__square_two_reference_correlations_eps005_raw__none__pairing_eps005\20260910T084630_1156171_e93552440b67\state.h5,square,64,8.0,-0.4,1.4,0.1,0.9375,pairing_weak_other,maximum_iterations,16,-1.1674077299496832,-1.1674048001949369,stored,0.9374946463940903,2.2440520856653664e-05
C:\Users\Kevin\Documents\VS Code\MPS-MFT\ladder_mps_mft\output\phase1_gpu\20260908_square_two_basin_95_5_80_anchors\results\square__pairing_weak_other_t014_vm04_chi200_raw\square__pairing_weak_other__square_two_reference_correlations_eps005_raw__none__pairing_eps005\20260910T084630_1156171_e93552440b67\state.h5,square,64,8.0,-0.4,1.4,0.1,0.9375,pairing_weak_other,maximum_iterations,17,-1.1674075459355073,-1.1674047970308676,stored,0.9374949768655064,1.75829484994481e-05
C:\Users\Kevin\Documents\VS Code\MPS-MFT\ladder_mps_mft\output\phase1_gpu\20260908_square_two_basin_95_5_80_anchors\results\square__pairing_weak_other_t014_vm04_chi200_raw\square__pairing_weak_other__square_two_reference_correlations_eps005_raw__none__pairing_eps005\20260910T084630_1156171_e93552440b67\state.h5,square,64,8.0,-0.4,1.4,0.1,0.9375,pairing_weak_other,maximum_iterations,18,-1.1674075821108914,-1.1674048002777793,stored,0.9374949166945774,1.3382741857449686e-05
C:\Users\Kevin\Documents\VS Code\MPS-MFT\ladder_mps_mft\output\phase1_gpu\20260908_square_two_basin_95_5_80_anchors\results\square__pairing_weak_other_t014_vm04_chi200_raw\square__pairing_weak_other__square_two_reference_correlations_eps005_raw__none__pairing_eps005\20260910T084630_1156171_e93552440b67\state.h5,square,64,8.0,-0.4,1.4,0.1,0.9375,pairing_weak_other,maximum_iterations,19,-1.1674077823865558,-1.167404803802572,stored,0.9374945571673402,1.103369899703195e-05
C:\Users\Kevin\Documents\VS Code\MPS-MFT\ladder_mps_mft\output\phase1_gpu\20260908_square_two_basin_95_5_80_anchors\results\square__pairing_weak_other_t014_vm04_chi200_raw\square__pairing_weak_other__square_two_reference_correlations_eps005_raw__none__pairing_eps005\20260910T084630_1156171_e93552440b67\state.h5,square,64,8.0,-0.4,1.4,0.1,0.9375,pairing_weak_other,maximum_iterations,20,-1.1674075333414429,-1.1674047965931893,stored,0.9374949990791407,1.3649944098560667e-05
C:\Users\Kevin\Documents\VS Code\MPS-MFT\ladder_mps_mft\output\phase1_gpu\20260908_square_two_basin_95_5_80_anchors\results\square__pairing_weak_other_t014_vm04_chi200_raw\square__pairing_weak_other__square_two_reference_correlations_eps005_raw__none__pairing_eps005\20260910T084630_1156171_e93552440b67\state.h5,square,64,8.0,-0.4,1.4,0.1,0.9375,pairing_weak_other,maximum_iterations,21,-1.1674077800677074,-1.167404804195821,stored,0.9374945621232164,9.394740143494874e-06
C:\Users\Kevin\Documents\VS Code\MPS-MFT\ladder_mps_mft\output\phase1_gpu\20260908_square_two_basin_95_5_80_anchors\results\square__pairing_weak_other_t014_vm04_chi200_raw\square__pairing_weak_other__square_two_reference_correlations_eps005_raw__none__pairing_eps005\20260910T084630_1156171_e93552440b67\state.h5,square,64,8.0,-0.4,1.4,0.1,0.9375,pairing_weak_other,maximum_iterations,22,-1.167407543576568,-1.167404796772796,stored,0.9374949807044686,1.2123605639099434e-05
C:\Users\Kevin\Documents\VS Code\MPS-MFT\ladder_mps_mft\output\phase1_gpu\20260908_square_two_basin_95_5_80_anchors\results\square__pairing_weak_other_t014_vm04_chi200_raw\square__pairing_weak_other__square_two_reference_correlations_eps005_raw__none__pairing_eps005\20260910T084630_1156171_e93552440b67\state.h5,square,64,8.0,-0.4,1.4,0.1,0.9375,pairing_weak_other,maximum_iterations,23,-1.16740778924651,-1.167404804142733,stored,0.9374945452535777,1.0338146265501245e-05
C:\Users\Kevin\Documents\VS Code\MPS-MFT\ladder_mps_mft\output\phase1_gpu\20260908_square_two_basin_95_5_80_anchors\results\square__pairing_weak_other_t014_vm04_chi200_raw\square__pairing_weak_other__square_two_reference_correlations_eps005_raw__none__pairing_eps005\20260910T084630_1156171_e93552440b67\state.h5,square,64,8.0,-0.4,1.4,0.1,0.9375,pairing_weak_other,maximum_iterations,24,-1.167407745196753,-1.167404800462589,stored,0.9374946190218678,5.704258712795607e-06
C:\Users\Kevin\Documents\VS Code\MPS-MFT\ladder_mps_mft\output\phase1_gpu\20260908_square_two_basin_95_5_80_anchors\results\square__pairing_weak_other_t014_vm04_chi200_raw\square__pairing_weak_other__square_two_reference_correlations_eps005_raw__none__pairing_eps005\20260910T084630_1156171_e93552440b67\state.h5,square,64,8.0,-0.4,1.4,0.1,0.9375,pairing_weak_other,maximum_iterations,25,-1.1674077564980354,-1.1674048009804885,stored,0.9374945993171527,6.920059307251688e-06
C:\Users\Kevin\Documents\VS Code\MPS-MFT\ladder_mps_mft\output\phase1_gpu\20260908_square_two_basin_95_5_80_anchors\results\square__pairing_weak_other_t014_vm04_chi200_raw\square__pairing_weak_other__square_two_reference_correlations_eps005_raw__none__pairing_eps005\20260910T084630_1156171_e93552440b67\state.h5,square,64,8.0,-0.4,1.4,0.1,0.9375,pairing_weak_other,maximum_iterations,26,-1.167407765218361,-1.1674048008881255,stored,0.9374945832135314,8.658354201231515e-06
C:\Users\Kevin\Documents\VS Code\MPS-MFT\ladder_mps_mft\output\phase1_gpu\20260908_square_two_basin_95_5_80_anchors\results\square__pairing_weak_other_t014_vm04_chi200_raw\square__pairing_weak_other__square_two_reference_correlations_eps005_raw__none__pairing_eps005\20260910T084630_1156171_e93552440b67\state.h5,square,64,8.0,-0.4,1.4,0.1,0.9375,pairing_weak_other,maximum_iterations,27,-1.167407731624202,-1.1674048004392097,stored,0.9374946437805702,4.988041722547127e-06
C:\Users\Kevin\Documents\VS Code\MPS-MFT\ladder_mps_mft\output\phase1_gpu\20260908_square_two_basin_95_5_80_anchors\results\square__pairing_weak_other_t014_vm04_chi200_raw\square__pairing_weak_other__square_two_reference_correlations_eps005_raw__none__pairing_eps005\20260910T084630_1156171_e93552440b67\state.h5,square,64,8.0,-0.4,1.4,0.1,0.9375,pairing_weak_other,maximum_iterations,28,-1.16740774509159,-1.1674048009158013,stored,0.9374946200421991,7.55724305536912e-06
C:\Users\Kevin\Documents\VS Code\MPS-MFT\ladder_mps_mft\output\phase1_gpu\20260908_square_two_basin_95_5_80_anchors\results\square__pairing_weak_other_t014_vm04_chi200_raw\square__pairing_weak_other__square_two_reference_correlations_eps005_raw__none__pairing_eps005\20260910T084630_1156171_e93552440b67\state.h5,square,64,8.0,-0.4,1.4,0.1,0.9375,pairing_weak_other,maximum_iterations,29,-1.1674077564961127,-1.1674048009329359,stored,0.9374945992337723,9.08451693652506e-06
C:\Users\Kevin\Documents\VS Code\MPS-MFT\ladder_mps_mft\output\phase1_gpu\20260908_square_two_basin_95_5_80_anchors\results\square__pairing_weak_other_t014_vm04_chi200_raw\square__pairing_weak_other__square_two_reference_correlations_eps005_raw__none__pairing_eps005\20260910T084630_1156171_e93552440b67\state.h5,square,64,8.0,-0.4,1.4,0.1,0.9375,pairing_weak_other,maximum_iterations,30,-1.167407757465439,-1.1674048008088371,stored,0.9374945972357325,6.4273566149847216e-06
C:\Users\Kevin\Documents\VS Code\MPS-MFT\ladder_mps_mft\output\phase1_gpu\20260908_square_two_basin_95_5_80_anchors\results\square__pairing_weak_other_t014_vm04_chi200_raw\square__pairing_weak_other__square_two_reference_correlations_eps005_raw__none__pairing_eps005\20260910T084630_1156171_e93552440b67\state.h5,square,64,8.0,-0.4,1.4,0.1,0.9375,pairing_weak_other,maximum_iterations,31,-1.1674076694930362,-1.1674047997057362,stored,0.9374947559739368,1.0327986896397462e-05
C:\Users\Kevin\Documents\VS Code\MPS-MFT\ladder_mps_mft\output\phase1_gpu\20260908_square_two_basin_95_5_80_anchors\results\square__pairing_weak_other_t014_vm04_chi200_raw\square__pairing_weak_other__square_two_reference_correlations_eps005_raw__none__pairing_eps005\20260910T084630_1156171_e93552440b67\state.h5,square,64,8.0,-0.4,1.4,0.1,0.9375,pairing_weak_other,maximum_iterations,32,-1.167407781464124,-1.1674048024400816,stored,0.937494556363212,1.3449255040359524e-05
C:\Users\Kevin\Documents\VS Code\MPS-MFT\ladder_mps_mft\output\phase1_gpu\20260908_square_two_basin_95_5_80_anchors\results\square__pairing_weak_other_t014_vm04_chi200_raw\square__pairing_weak_other__square_two_reference_correlations_eps005_raw__none__pairing_eps005\20260910T084630_1156171_e93552440b67\state.h5,square,64,8.0,-0.4,1.4,0.1,0.9375,pairing_weak_other,maximum_iterations,33,-1.167407744494959,-1.1674048004210156,stored,0.9374946202283032,1.0078818055594369e-05
C:\Users\Kevin\Documents\VS Code\MPS-MFT\ladder_mps_mft\output\phase1_gpu\20260908_square_two_basin_95_5_80_anchors\results\square__pairing_weak_other_t014_vm04_chi200_raw\square__pairing_weak_other__square_two_reference_correlations_eps005_raw__none__pairing_eps005\20260910T084630_1156171_e93552440b67\state.h5,square,64,8.0,-0.4,1.4,0.1,0.9375,pairing_weak_other,maximum_iterations,34,-1.16740768069802,-1.1674047999393362,stored,0.9374947359256837,6.878808047641749e-06
C:\Users\Kevin\Documents\VS Code\MPS-MFT\ladder_mps_mft\output\phase1_gpu\20260908_square_two_basin_95_5_80_anchors\results\square__pairing_weak_other_t014_vm04_chi200_raw\square__pairing_weak_other__square_two_reference_correlations_eps005_raw__none__pairing_eps005\20260910T084630_1156171_e93552440b67\state.h5,square,64,8.0,-0.4,1.4,0.1,0.9375,pairing_weak_other,maximum_iterations,35,-1.1674077589515144,-1.1674048020302377,stored,0.9374945967520861,6.359115467880935e-06
C:\Users\Kevin\Documents\VS Code\MPS-MFT\ladder_mps_mft\output\phase1_gpu\20260908_square_two_basin_95_5_80_anchors\results\square__pairing_weak_other_t014_vm04_chi200_raw\square__pairing_weak_other__square_two_reference_correlations_eps005_raw__none__pairing_eps005\20260910T084630_1156171_e93552440b67\state.h5,square,64,8.0,-0.4,1.4,0.1,0.9375,pairing_weak_other,maximum_iterations,36,-1.1674077452979554,-1.1674048007287254,stored,0.9374946193232555,6.987126627388045e-06
C:\Users\Kevin\Documents\VS Code\MPS-MFT\ladder_mps_mft\output\phase1_gpu\20260908_square_two_basin_95_5_80_anchors\results\square__pairing_weak_other_t014_vm04_chi200_raw\square__pairing_weak_other__square_two_reference_correlations_eps005_raw__none__pairing_eps005\20260910T084630_1156171_e93552440b67\state.h5,square,64,8.0,-0.4,1.4,0.1,0.9375,pairing_weak_other,maximum_iterations,37,-1.1674077521939255,-1.1674048008437086,stored,0.9374946069322078,1.151571251457679e-05
C:\Users\Kevin\Documents\VS Code\MPS-MFT\ladder_mps_mft\output\phase1_gpu\20260908_square_two_basin_95_5_80_anchors\results\square__pairing_weak_other_t014_vm04_chi200_raw\square__pairing_weak_other__square_two_reference_correlations_eps005_raw__none__pairing_eps005\20260910T084630_1156171_e93552440b67\state.h5,square,64,8.0,-0.4,1.4,0.1,0.9375,pairing_weak_other,maximum_iterations,38,-1.167407748413893,-1.1674048008058122,stored,0.9374946137702957,6.1482628997340754e-06
C:\Users\Kevin\Documents\VS Code\MPS-MFT\ladder_mps_mft\output\phase1_gpu\20260908_square_two_basin_95_5_80_anchors\results\square__pairing_weak_other_t014_vm04_chi200_raw\square__pairing_weak_other__square_two_reference_correlations_eps005_raw__none__pairing_eps005\20260910T084630_1156171_e93552440b67\state.h5,square,64,8.0,-0.4,1.4,0.1,0.9375,pairing_weak_other,maximum_iterations,39,-1.167407666174361,-1.1674047998009625,stored,0.9374947622122347,7.035182561392693e-06
C:\Users\Kevin\Documents\VS Code\MPS-MFT\ladder_mps_mft\output\phase1_gpu\20260908_square_two_basin_95_5_80_anchors\results\square__pairing_weak_other_t014_vm04_chi200_raw\square__pairing_weak_other__square_two_reference_correlations_eps005_raw__none__pairing_eps005\20260910T084630_1156171_e93552440b67\state.h5,square,64,8.0,-0.4,1.4,0.1,0.9375,pairing_weak_other,maximum_iterations,40,-1.1674077731281658,-1.1674048023949337,stored,0.9374945715131935,7.516395051736198e-06
C:\Users\Kevin\Documents\VS Code\MPS-MFT\ladder_mps_mft\output\phase1_gpu\20260908_square_two_basin_95_5_80_anchors\results\square__pairing_weak_other_t014_vm04_chi200_raw\square__pairing_weak_other__square_two_reference_correlations_eps005_raw__none__pairing_eps005\20260910T084630_1156171_e93552440b67\state.h5,square,64,8.0,-0.4,1.4,0.1,0.9375,pairing_weak_other,maximum_iterations,41,-1.1674077427569975,-1.1674048005668052,stored,0.9374946236705239,1.4961622236023164e-05
C:\Users\Kevin\Documents\VS Code\MPS-MFT\ladder_mps_mft\output\phase1_gpu\20260908_square_two_basin_95_5_80_anchors\results\square__pairing_weak_other_t014_vm04_chi200_raw\square__pairing_weak_other__square_two_reference_correlations_eps005_raw__none__pairing_eps005\20260910T084630_1156171_e93552440b67\state.h5,square,64,8.0,-0.4,1.4,0.1,0.9375,pairing_weak_other,maximum_iterations,42,-1.1674077521035267,-1.167404800864832,stored,0.9374946071359944,1.0296322008476803e-05
C:\Users\Kevin\Documents\VS Code\MPS-MFT\ladder_mps_mft\output\phase1_gpu\20260908_square_two_basin_95_5_80_anchors\results\square__pairing_weak_other_t014_vm04_chi200_raw\square__pairing_weak_other__square_two_reference_correlations_eps005_raw__none__pairing_eps005\20260910T084630_1156171_e93552440b67\state.h5,square,64,8.0,-0.4,1.4,0.1,0.9375,pairing_weak_other,maximum_iterations,43,-1.1674077562033374,-1.1674048008463702,stored,0.9374945996105838,7.693166015126326e-06
C:\Users\Kevin\Documents\VS Code\MPS-MFT\ladder_mps_mft\output\phase1_gpu\20260908_square_two_basin_95_5_80_anchors\results\square__pairing_weak_other_t014_vm04_chi200_raw\square__pairing_weak_other__square_two_reference_correlations_eps005_raw__none__pairing_eps005\20260910T084630_1156171_e93552440b67\state.h5,square,64,8.0,-0.4,1.4,0.1,0.9375,pairing_weak_other,maximum_iterations,44,-1.167407738497367,-1.167404800521366,stored,0.9374946313712094,7.244605726407501e-06
C:\Users\Kevin\Documents\VS Code\MPS-MFT\ladder_mps_mft\output\phase1_gpu\20260908_square_two_basin_95_5_80_anchors\results\square__pairing_weak_other_t014_vm04_chi200_raw\square__pairing_weak_other__square_two_reference_correlations_eps005_raw__none__pairing_eps005\20260910T084630_1156171_e93552440b67\state.h5,square,64,8.0,-0.4,1.4,0.1,0.9375,pairing_weak_other,maximum_iterations,45,-1.1674077564107068,-1.1674048009737454,stored,0.9374945994644082,1.0059341105731197e-05
C:\Users\Kevin\Documents\VS Code\MPS-MFT\ladder_mps_mft\output\phase1_gpu\20260908_square_two_basin_95_5_80_anchors\results\square__pairing_weak_other_t014_vm04_chi200_raw\square__pairing_weak_other__square_two_reference_correlations_eps005_raw__none__pairing_eps005\20260910T084630_1156171_e93552440b67\state.h5,square,64,8.0,-0.4,1.4,0.1,0.9375,pairing_weak_other,maximum_iterations,46,-1.1674076734470853,-1.167404799765705,stored,0.9374947488581974,8.809088287058918e-06
C:\Users\Kevin\Documents\VS Code\MPS-MFT\ladder_mps_mft\output\phase1_gpu\20260908_square_two_basin_95_5_80_anchors\results\square__pairing_weak_other_t014_vm04_chi200_raw\square__pairing_weak_other__square_two_reference_correlations_eps005_raw__none__pairing_eps005\20260910T084630_1156171_e93552440b67\state.h5,square,64,8.0,-0.4,1.4,0.1,0.9375,pairing_weak_other,maximum_iterations,47,-1.1674077671525074,-1.1674048022446293,stored,0.937494582157992,1.1010480890888562e-05
C:\Users\Kevin\Documents\VS Code\MPS-MFT\ladder_mps_mft\output\phase1_gpu\20260908_square_two_basin_95_5_80_anchors\results\square__pairing_weak_other_t014_vm04_chi200_raw\square__pairing_weak_other__square_two_reference_correlations_eps005_raw__none__pairing_eps005\20260910T084630_1156171_e93552440b67\state.h5,square,64,8.0,-0.4,1.4,0.1,0.9375,pairing_weak_other,maximum_iterations,48,-1.1674077450729121,-1.1674048006687452,stored,0.9374946196248791,6.056083152488606e-06
C:\Users\Kevin\Documents\VS Code\MPS-MFT\ladder_mps_mft\output\phase1_gpu\20260908_square_two_basin_95_5_80_anchors\results\square__pairing_weak_other_t014_vm04_chi200_raw\square__pairing_weak_other__square_two_reference_correlations_eps005_raw__none__pairing_eps005\20260910T084630_1156171_e93552440b67\state.h5,square,64,8.0,-0.4,1.4,0.1,0.9375,pairing_weak_other,maximum_iterations,49,-1.1674075379803084,-1.1674047967870578,stored,0.9374949909566991,1.6583502522546572e-05
C:\Users\Kevin\Documents\VS Code\MPS-MFT\ladder_mps_mft\output\phase1_gpu\20260908_square_two_basin_95_5_80_anchors\results\square__pairing_weak_other_t014_vm04_chi200_raw\square__pairing_weak_other__square_two_reference_correlations_eps005_raw__none__pairing_eps005\20260910T084630_1156171_e93552440b67\state.h5,square,64,8.0,-0.4,1.4,0.1,0.9375,pairing_weak_other,maximum_iterations,50,-1.1674075688054264,-1.1674048002772384,stored,0.9374949410069605,1.5294533082611555e-05
C:\Users\Kevin\Documents\VS Code\MPS-MFT\ladder_mps_mft\output\phase1_gpu\20260908_square_two_basin_95_5_80_anchors\results\square__pairing_weak_other_t014_vm04_chi200_raw\square__pairing_weak_other__square_two_reference_correlations_eps005_raw__none__pairing_eps005\20260910T084630_1156171_e93552440b67\state.h5,square,64,8.0,-0.4,1.4,0.1,0.9375,pairing_weak_other,maximum_iterations,51,-1.1674076886951839,-1.167404802877693,stored,0.9374947266816129,8.111850256412714e-06
C:\Users\Kevin\Documents\VS Code\MPS-MFT\ladder_mps_mft\output\phase1_gpu\20260908_square_two_basin_95_5_80_anchors\results\square__pairing_weak_other_t014_vm04_chi200_raw\square__pairing_weak_other__square_two_reference_correlations_eps005_raw__none__pairing_eps005\20260910T084630_1156171_e93552440b67\state.h5,square,64,8.0,-0.4,1.4,0.1,0.9375,pairing_weak_other,maximum_iterations,52,-1.1674077526378412,-1.1674048020766403,stored,0.9374946083739937,6.759182427163358e-06
C:\Users\Kevin\Documents\VS Code\MPS-MFT\ladder_mps_mft\output\phase1_gpu\20260908_square_two_basin_95_5_80_anchors\results\square__pairing_weak_other_t014_vm04_chi200_raw\square__pairing_weak_other__square_two_reference_correlations_eps005_raw__none__pairing_eps005\20260910T084630_1156171_e93552440b67\state.h5,square,64,8.0,-0.4,1.4,0.1,0.9375,pairing_weak_other,maximum_iterations,53,-1.1674077509939105,-1.1674048008787186,stored,0.9374946091889963,7.761656138719709e-06
C:\Users\Kevin\Documents\VS Code\MPS-MFT\ladder_mps_mft\output\phase1_gpu\20260908_square_two_basin_95_5_80_anchors\results\square__pairing_weak_other_t014_vm04_chi200_raw\square__pairing_weak_other__square_two_reference_correlations_eps005_raw__none__pairing_eps005\20260910T084630_1156171_e93552440b67\state.h5,square,64,8.0,-0.4,1.4,0.1,0.9375,pairing_weak_other,maximum_iterations,54,-1.1674077580091362,-1.167404800901535,stored,0.9374945964116114,7.687035498316876e-06
C:\Users\Kevin\Documents\VS Code\MPS-MFT\ladder_mps_mft\output\phase1_gpu\20260908_square_two_basin_95_5_80_anchors\results\square__pairing_weak_other_t014_vm04_chi200_raw\square__pairing_weak_other__square_two_reference_correlations_eps005_raw__none__pairing_eps005\20260910T084630_1156171_e93552440b67\state.h5,square,64,8.0,-0.4,1.4,0.1,0.9375,pairing_weak_other,maximum_iterations,55,-1.167407749429763,-1.1674048006889033,stored,0.9374946117003439,2.669230033481857e-06
C:\Users\Kevin\Documents\VS Code\MPS-MFT\ladder_mps_mft\output\phase1_gpu\20260908_square_two_basin_95_5_80_anchors\results\square__pairing_weak_other_t014_vm04_chi200_raw\square__pairing_weak_other__square_two_reference_correlations_eps005_raw__none__pairing_eps005\20260910T084630_1156171_e93552440b67\state.h5,square,64,8.0,-0.4,1.4,0.1,0.9375,pairing_weak_other,maximum_iterations,56,-1.1674077497831643,-1.1674048008011608,stored,0.9374946112596962,6.334641881772991e-06
C:\Users\Kevin\Documents\VS Code\MPS-MFT\ladder_mps_mft\output\phase1_gpu\20260908_square_two_basin_95_5_80_anchors\results\square__pairing_weak_other_t014_vm04_chi200_raw\square__pairing_weak_other__square_two_reference_correlations_eps005_raw__none__pairing_eps005\20260910T084630_1156171_e93552440b67\state.h5,square,64,8.0,-0.4,1.4,0.1,0.9375,pairing_weak_other,maximum_iterations,57,-1.1674077484417251,-1.1674048007897548,stored,0.9374946136900957,1.2651789981206777e-05
C:\Users\Kevin\Documents\VS Code\MPS-MFT\ladder_mps_mft\output\phase1_gpu\20260908_square_two_basin_95_5_80_anchors\results\square__pairing_weak_other_t014_vm04_chi200_raw\square__pairing_weak_other__square_two_reference_correlations_eps005_raw__none__pairing_eps005\20260910T084630_1156171_e93552440b67\state.h5,square,64,8.0,-0.4,1.4,0.1,0.9375,pairing_weak_other,maximum_iterations,58,-1.1674077476833187,-1.1674048007937594,stored,0.937494615083266,4.3408353037488e-06
C:\Users\Kevin\Documents\VS Code\MPS-MFT\ladder_mps_mft\output\phase1_gpu\20260908_square_two_basin_95_5_80_anchors\results\square__pairing_weak_other_t014_vm04_chi200_raw\square__pairing_weak_other__square_two_reference_correlations_eps005_raw__none__pairing_eps005\20260910T084630_1156171_e93552440b67\state.h5,square,64,8.0,-0.4,1.4,0.1,0.9375,pairing_weak_other,maximum_iterations,59,-1.1674077668112581,-1.1674048009607978,stored,0.9374945804355905,1.1112424631634937e-05
C:\Users\Kevin\Documents\VS Code\MPS-MFT\ladder_mps_mft\output\phase1_gpu\20260908_square_two_basin_95_5_80_anchors\results\square__pairing_weak_other_t014_vm04_chi200_raw\square__pairing_weak_other__square_two_reference_correlations_eps005_raw__none__pairing_eps005\20260910T084630_1156171_e93552440b67\state.h5,square,64,8.0,-0.4,1.4,0.1,0.9375,pairing_weak_other,maximum_iterations,60,-1.1674075446122036,-1.1674047967277768,stored,0.9374949787297644,9.186078423922368e-06
C:\Users\Kevin\Documents\VS Code\MPS-MFT\ladder_mps_mft\output\phase1_gpu\20260908_square_two_basin_95_5_80_anchors\results\square__pairing_weak_other_t014_vm04_chi200_raw\square__pairing_weak_other__square_two_reference_correlations_eps005_raw__none__pairing_eps005\20260910T084630_1156171_e93552440b67\state.h5,square,64,8.0,-0.4,1.4,0.1,0.9375,pairing_weak_other,maximum_iterations,61,-1.1674077721728795,-1.1674048039652465,stored,0.9374945761282766,1.4252090317977884e-05
C:\Users\Kevin\Documents\VS Code\MPS-MFT\ladder_mps_mft\output\phase1_gpu\20260908_square_two_basin_95_5_80_anchors\results\square__pairing_weak_other_t014_vm04_chi200_raw\square__pairing_weak_other__square_two_reference_correlations_eps005_raw__none__pairing_eps005\20260910T084630_1156171_e93552440b67\state.h5,square,64,8.0,-0.4,1.4,0.1,0.9375,pairing_weak_other,maximum_iterations,62,-1.1674077503175595,-1.1674048007032098,stored,0.9374946101041961,4.3937858582078715e-06
C:\Users\Kevin\Documents\VS Code\MPS-MFT\ladder_mps_mft\output\phase1_gpu\20260908_square_two_basin_95_5_80_anchors\results\square__pairing_weak_other_t014_vm04_chi200_raw\square__pairing_weak_other__square_two_reference_correlations_eps005_raw__none__pairing_eps005\20260910T084630_1156171_e93552440b67\state.h5,square,64,8.0,-0.4,1.4,0.1,0.9375,pairing_weak_other,maximum_iterations,63,-1.1674076609257786,-1.1674047997296966,stored,0.93749477167286,1.0843710192087572e-05
C:\Users\Kevin\Documents\VS Code\MPS-MFT\ladder_mps_mft\output\phase1_gpu\20260908_square_two_basin_95_5_80_anchors\results\square__pairing_weak_other_t014_vm04_chi200_raw\square__pairing_weak_other__square_two_reference_correlations_eps005_raw__none__pairing_eps005\20260910T084630_1156171_e93552440b67\state.h5,square,64,8.0,-0.4,1.4,0.1,0.9375,pairing_weak_other,maximum_iterations,64,-1.167407564999084,-1.167404798517743,stored,0.9374949447472095,8.659929144380148e-06
C:\Users\Kevin\Documents\VS Code\MPS-MFT\ladder_mps_mft\output\phase1_gpu\20260908_square_two_basin_95_5_80_anchors\results\square__pairing_weak_other_t014_vm04_chi200_raw\square__pairing_weak_other__square_two_reference_correlations_eps005_raw__none__pairing_eps005\20260910T084630_1156171_e93552440b67\state.h5,square,64,8.0,-0.4,1.4,0.1,0.9375,pairing_weak_other,maximum_iterations,65,-1.1674077817329802,-1.1674048039673939,stored,0.9374945586628163,9.22422145418396e-06
C:\Users\Kevin\Documents\VS Code\MPS-MFT\ladder_mps_mft\output\phase1_gpu\20260908_square_two_basin_95_5_80_anchors\results\square__pairing_weak_other_t014_vm04_chi200_raw\square__pairing_weak_other__square_two_reference_correlations_eps005_raw__none__pairing_eps005\20260910T084630_1156171_e93552440b67\state.h5,square,64,8.0,-0.4,1.4,0.1,0.9375,pairing_weak_other,maximum_iterations,66,-1.1674077398285478,-1.1674048004974105,stored,0.9374946288949383,1.4634583086215683e-05
C:\Users\Kevin\Documents\VS Code\MPS-MFT\ladder_mps_mft\output\phase1_gpu\20260908_square_two_basin_95_5_80_anchors\results\square__pairing_weak_other_t014_vm04_chi200_raw\square__pairing_weak_other__square_two_reference_correlations_eps005_raw__none__pairing_eps005\20260910T084630_1156171_e93552440b67\state.h5,square,64,8.0,-0.4,1.4,0.1,0.9375,pairing_weak_other,maximum_iterations,67,-1.1674077578570439,-1.1674048009931592,stored,0.9374945968569601,1.2078201730355246e-05
C:\Users\Kevin\Documents\VS Code\MPS-MFT\ladder_mps_mft\output\phase1_gpu\20260908_square_two_basin_95_5_80_anchors\results\square__pairing_weak_other_t014_vm04_chi200_raw\square__pairing_weak_other__square_two_reference_correlations_eps005_raw__none__pairing_eps005\20260910T084630_1156171_e93552440b67\state.h5,square,64,8.0,-0.4,1.4,0.1,0.9375,pairing_weak_other,maximum_iterations,68,-1.1674077465893518,-1.167404800685398,stored,0.9374946168842853,1.214840241209648e-05
C:\Users\Kevin\Documents\VS Code\MPS-MFT\ladder_mps_mft\output\phase1_gpu\20260908_square_two_basin_95_5_80_anchors\results\square__pairing_weak_other_t014_vm04_chi200_raw\square__pairing_weak_other__square_two_reference_correlations_eps005_raw__none__pairing_eps005\20260910T084630_1156171_e93552440b67\state.h5,square,64,8.0,-0.4,1.4,0.1,0.9375,pairing_weak_other,maximum_iterations,69,-1.1674077500764073,-1.1674048007585256,stored,0.9374946106459389,9.09973000791393e-06
C:\Users\Kevin\Documents\VS Code\MPS-MFT\ladder_mps_mft\output\phase1_gpu\20260908_square_two_basin_95_5_80_anchors\results\square__pairing_weak_other_t014_vm04_chi200_raw\square__pairing_weak_other__square_two_reference_correlations_eps005_raw__none__pairing_eps005\20260910T084630_1156171_e93552440b67\state.h5,square,64,8.0,-0.4,1.4,0.1,0.9375,pairing_weak_other,maximum_iterations,70,-1.1674077425547753,-1.1674048006861795,stored,0.9374946242581842,1.2307866247875423e-05
C:\Users\Kevin\Documents\VS Code\MPS-MFT\ladder_mps_mft\output\phase1_gpu\20260908_square_two_basin_95_5_80_anchors\results\square__pairing_weak_other_t014_vm04_chi200_raw\square__pairing_weak_other__square_two_reference_correlations_eps005_raw__none__pairing_eps005\20260910T084630_1156171_e93552440b67\state.h5,square,64,8.0,-0.4,1.4,0.1,0.9375,pairing_weak_other,maximum_iterations,71,-1.1674076704849488,-1.1674047998525936,stored,0.9374947544297486,1.1367551826086824e-05
C:\Users\Kevin\Documents\VS Code\MPS-MFT\ladder_mps_mft\output\phase1_gpu\20260908_square_two_basin_95_5_80_anchors\results\square__pairing_weak_other_t014_vm04_chi200_raw\square__pairing_weak_other__square_two_reference_correlations_eps005_raw__none__pairing_eps005\20260910T084630_1156171_e93552440b67\state.h5,square,64,8.0,-0.4,1.4,0.1,0.9375,pairing_weak_other,maximum_iterations,72,-1.1674077575482233,-1.1674048021584045,stored,0.9374945995505531,7.02359058530434e-06
C:\Users\Kevin\Documents\VS Code\MPS-MFT\ladder_mps_mft\output\phase1_gpu\20260908_square_two_basin_95_5_80_anchors\results\square__pairing_weak_other_t014_vm04_chi200_raw\square__pairing_weak_other__square_two_reference_correlations_eps005_raw__none__pairing_eps005\20260910T084630_1156171_e93552440b67\state.h5,square,64,8.0,-0.4,1.4,0.1,0.9375,pairing_weak_other,maximum_iterations,73,-1.1674077513316543,-1.1674048008015023,stored,0.9374946084307304,5.921431862025644e-06
C:\Users\Kevin\Documents\VS Code\MPS-MFT\ladder_mps_mft\output\phase1_gpu\20260908_square_two_basin_95_5_80_anchors\results\square__pairing_weak_other_t014_vm04_chi200_raw\square__pairing_weak_other__square_two_reference_correlations_eps005_raw__none__pairing_eps005\20260910T084630_1156171_e93552440b67\state.h5,square,64,8.0,-0.4,1.4,0.1,0.9375,pairing_weak_other,maximum_iterations,74,-1.167407739391566,-1.1674048006568905,stored,0.9374946299848664,7.483973860212244e-06
C:\Users\Kevin\Documents\VS Code\MPS-MFT\ladder_mps_mft\output\phase1_gpu\20260908_square_two_basin_95_5_80_anchors\results\square__pairing_weak_other_t014_vm04_chi200_raw\square__pairing_weak_other__square_two_reference_correlations_eps005_raw__none__pairing_eps005\20260910T084630_1156171_e93552440b67\state.h5,square,64,8.0,-0.4,1.4,0.1,0.9375,pairing_weak_other,maximum_iterations,75,-1.1674077506482388,-1.1674048009279925,stored,0.9374946099106889,1.0202850996867541e-05
C:\Users\Kevin\Documents\VS Code\MPS-MFT\ladder_mps_mft\output\phase1_gpu\20260908_square_two_basin_95_5_80_anchors\results\square__pairing_weak_other_t014_vm04_chi200_raw\square__pairing_weak_other__square_two_reference_correlations_eps005_raw__none__pairing_eps005\20260910T084630_1156171_e93552440b67\state.h5,square,64,8.0,-0.4,1.4,0.1,0.9375,pairing_weak_other,maximum_iterations,76,-1.1674077653380595,-1.1674048009760603,stored,0.9374945831554886,6.162517379698979e-06
C:\Users\Kevin\Documents\VS Code\MPS-MFT\ladder_mps_mft\output\phase1_gpu\20260908_square_two_basin_95_5_80_anchors\results\square__pairing_weak_other_t014_vm04_chi200_raw\square__pairing_weak_other__square_two_reference_correlations_eps005_raw__none__pairing_eps005\20260910T084630_1156171_e93552440b67\state.h5,square,64,8.0,-0.4,1.4,0.1,0.9375,pairing_weak_other,maximum_iterations,77,-1.1674077547568702,-1.1674048007086186,stored,0.9374946020020287,9.151983001234762e-06
C:\Users\Kevin\Documents\VS Code\MPS-MFT\ladder_mps_mft\output\phase1_gpu\20260908_square_two_basin_95_5_80_anchors\results\square__pairing_weak_other_t014_vm04_chi200_raw\square__pairing_weak_other__square_two_reference_correlations_eps005_raw__none__pairing_eps005\20260910T084630_1156171_e93552440b67\state.h5,square,64,8.0,-0.4,1.4,0.1,0.9375,pairing_weak_other,maximum_iterations,78,-1.1674075486602993,-1.1674047969260073,stored,0.9374949716948199,1.3737153787185383e-05
C:\Users\Kevin\Documents\VS Code\MPS-MFT\ladder_mps_mft\output\phase1_gpu\20260908_square_two_basin_95_5_80_anchors\results\square__pairing_weak_other_t014_vm04_chi200_raw\square__pairing_weak_other__square_two_reference_correlations_eps005_raw__none__pairing_eps005\20260910T084630_1156171_e93552440b67\state.h5,square,64,8.0,-0.4,1.4,0.1,0.9375,pairing_weak_other,maximum_iterations,79,-1.1674075741005268,-1.1674048001325257,stored,0.9374949310666697,1.5172312133781735e-05
C:\Users\Kevin\Documents\VS Code\MPS-MFT\ladder_mps_mft\output\phase1_gpu\20260908_square_two_basin_95_5_80_anchors\results\square__pairing_weak_other_t014_vm04_chi200_raw\square__pairing_weak_other__square_two_reference_correlations_eps005_raw__none__pairing_eps005\20260910T084630_1156171_e93552440b67\state.h5,square,64,8.0,-0.4,1.4,0.1,0.9375,pairing_weak_other,maximum_iterations,80,-1.1674077539945797,-1.1674048082719386,stored,0.9374946172156017,1.6364623636551913e-05
