run,branch,state_path,config_path,full_artifact_sha256,records,last_update_mode,stored_status,stored_accepted,stored_period,revised_status,revised_accepted,revision_reason,field_abs_tol,field_rel_tol,raw_abs_residual,raw_rel_residual,residual_cosine,slow_mode_lambda,extrapolation_factor,extrapolated_abs_residual,extrapolated_rel_residual,extrapolated_gate_pass,period2_oscillation_cosine_max,period2_two_step_ratio_max,period2_oscillation_pass
20260824_phase1_gpu_v3_float64_history,cdw,C:\Users\Kevin\Documents\VS Code\MPS-MFT\ladder_mps_mft\output\phase1_gpu\20260824_phase1_gpu_v3_float64_history\stateless_results\frustrated__cdw_s1\cubic_frustrated__cdw__float64_recovery__from_20260823_phase1_gpu_v2__cdw_s1\20260824T232845_369685_a1e2dc4ccbe2\state.h5,C:\Users\Kevin\Documents\VS Code\MPS-MFT\ladder_mps_mft\output\phase1_gpu\20260824_phase1_gpu_v3_float64_history\configs\frustrated__cdw_s1.segment-001.toml,43323c002ff591addb8f4d797822587abd258d1b2b3f0c83c7671eb5d81fe886,34,unmixed_probe,fixed_point,True,1,fixed_point,True,unchanged,1e-06,0.005,4.197601204087437e-06,2.8238138733156846e-05,-0.7948975544699932,-1.087211627605685,1.0,4.197601204087437e-06,2.8238138733156846e-05,True,-0.42608880481421346,5.6974906979362325,False
20260824_phase1_gpu_v3_float64_history,sc,C:\Users\Kevin\Documents\VS Code\MPS-MFT\ladder_mps_mft\output\phase1_gpu\20260824_phase1_gpu_v3_float64_history\stateless_results\frustrated__pairing_s1\cubic_frustrated__sc__float64_recovery__from_20260823_phase1_gpu_v2__pairing_s1\20260824T224421_359610_a1e2dc4ccbe2\state.h5,C:\Users\Kevin\Documents\VS Code\MPS-MFT\ladder_mps_mft\output\phase1_gpu\20260824_phase1_gpu_v3_float64_history\configs\frustrated__pairing_s1.segment-001.toml,0f822184df32b965c2984326b595f36a1849897f2f436a2c867d29dec2fde3e3,33,anderson,fixed_point,True,1,fixed_point,True,unchanged,1e-06,0.005,2.5884014568490835e-06,1.4293485832015023e-05,0.4510986751729451,0.19642206313432847,1.0,2.5884014568490835e-06,1.4293485832015023e-05,True,0.9518809686669789,7.785622647858755,False
20260824_phase1_gpu_v3_float64_history,sdw,C:\Users\Kevin\Documents\VS Code\MPS-MFT\ladder_mps_mft\output\phase1_gpu\20260824_phase1_gpu_v3_float64_history\stateless_results\frustrated__sdw_s1\cubic_frustrated__sdw__float64_recovery__from_20260823_phase1_gpu_v2__sdw_s1\20260824T224416_359612_a1e2dc4ccbe2\state.h5,C:\Users\Kevin\Documents\VS Code\MPS-MFT\ladder_mps_mft\output\phase1_gpu\20260824_phase1_gpu_v3_float64_history\configs\frustrated__sdw_s1.segment-001.toml,47c029403240efa172f0e36929b2f10316f31ffca9518f192d8831c2b1c89f42,32,anderson,fixed_point,True,1,fixed_point,True,unchanged,1e-06,0.005,1.000936985460707e-06,7.284770872858691e-06,0.10333438924556582,0.051484564286453406,1.0,1.000936985460707e-06,7.284770872858691e-06,True,-0.4136212981758784,3.564574092188211,False
20260824_phase1_gpu_v3_float64_history,cdw,C:\Users\Kevin\Documents\VS Code\MPS-MFT\ladder_mps_mft\output\phase1_gpu\20260824_phase1_gpu_v3_float64_history\stateless_results\square__cdw_s1\square__cdw__float64_recovery__from_20260823_phase1_gpu_v2__cdw_s1\20260824T230306_2007222_984cc80a2de4\state.h5,C:\Users\Kevin\Documents\VS Code\MPS-MFT\ladder_mps_mft\output\phase1_gpu\20260824_phase1_gpu_v3_float64_history\configs\square__cdw_s1.segment-001.toml,c16b95265e582fd2a581ec5f10b196dff2696fe148ac9b69b18dd8f561d4ec79,6,unmixed_probe,fixed_point,True,1,fixed_point_candidate_slow_mode,False,stored fixed point fails extrapolated residual gate,1e-06,0.005,4.852913613329025e-05,0.0006625222942033784,0.9988974100481468,0.9523704302273488,20.995360755372555,0.0010188867202650144,0.013909894575277,False,0.9988974100481468,2.087375746401048,False
20260824_phase1_gpu_v3_float64_history,sc,C:\Users\Kevin\Documents\VS Code\MPS-MFT\ladder_mps_mft\output\phase1_gpu\20260824_phase1_gpu_v3_float64_history\stateless_results\square__pairing_s1\square__sc__float64_recovery__from_20260823_phase1_gpu_v2__pairing_s1\20260824T225005_362002_984cc80a2de4\state.h5,C:\Users\Kevin\Documents\VS Code\MPS-MFT\ladder_mps_mft\output\phase1_gpu\20260824_phase1_gpu_v3_float64_history\configs\square__pairing_s1.segment-001.toml,52b2347fd4d51be2c4108d20d44e328b8277ac0cb2f1897ae132ca104a1f8249,6,unmixed_probe,fixed_point,True,1,fixed_point_candidate_slow_mode,False,stored fixed point fails extrapolated residual gate,1e-06,0.005,4.7455766406704226e-05,0.0005073834385440644,0.9994005188604309,0.9587989694495493,24.271237554980576,0.0011518101798107853,0.012314823968365874,False,0.9994005188604309,2.089999407676283,False
20260824_phase1_gpu_v3_float64_history,sdw,C:\Users\Kevin\Documents\VS Code\MPS-MFT\ladder_mps_mft\output\phase1_gpu\20260824_phase1_gpu_v3_float64_history\stateless_results\square__sdw_s1\square__sdw__float64_recovery__from_20260823_phase1_gpu_v2__sdw_s1\20260824T225220_2004751_984cc80a2de4\state.h5,C:\Users\Kevin\Documents\VS Code\MPS-MFT\ladder_mps_mft\output\phase1_gpu\20260824_phase1_gpu_v3_float64_history\configs\square__sdw_s1.segment-001.toml,e75b170f8e1400401c0551dbe9b7aeba4c72ea7bdb99e2011078478e3a45775e,22,linear,fixed_point,True,1,fixed_point_candidate_slow_mode,False,stored fixed point fails extrapolated residual gate,1e-06,0.005,0.0002964474783977031,0.003609865885132211,0.999977935067851,0.9981702477310559,546.5220713058981,0.16201508992732316,1.972871380678955,False,0.9999385551543862,5.027768439863361,False
20260824_phase1_gpu_v3_float64_history,cdw,C:\Users\Kevin\Documents\VS Code\MPS-MFT\ladder_mps_mft\output\phase1_gpu\20260824_phase1_gpu_v3_float64_history\stateless_results\unfrustrated__cdw_s1\cubic_unfrustrated__cdw__float64_recovery__from_20260823_phase1_gpu_v2__cdw_s1\20260824T224742_2001484_013e4e92dfc6\state.h5,C:\Users\Kevin\Documents\VS Code\MPS-MFT\ladder_mps_mft\output\phase1_gpu\20260824_phase1_gpu_v3_float64_history\configs\unfrustrated__cdw_s1.segment-001.toml,0d3421dcef660b3042eaa1106ce64d659c1be278a0c8d56a0356db819ea64a65,4,unmixed_probe,fixed_point,True,1,fixed_point_candidate_slow_mode,False,stored fixed point fails extrapolated residual gate,1e-06,0.005,0.0004957199215297192,0.001086814868338659,0.9996843302958393,0.9855558910613412,69.23237731360231,0.03431986864921485,0.07524277703485506,False,0.9996843302958393,2.014176538404407,False
20260824_phase1_gpu_v3_float64_history,sc,C:\Users\Kevin\Documents\VS Code\MPS-MFT\ladder_mps_mft\output\phase1_gpu\20260824_phase1_gpu_v3_float64_history\stateless_results\unfrustrated__pairing_s1\cubic_unfrustrated__sc__float64_recovery__from_20260823_phase1_gpu_v2__pairing_s1\20260824T224642_2225057_013e4e92dfc6\state.h5,C:\Users\Kevin\Documents\VS Code\MPS-MFT\ladder_mps_mft\output\phase1_gpu\20260824_phase1_gpu_v3_float64_history\configs\unfrustrated__pairing_s1.segment-001.toml,ed6381ea7c3e2e654e1600566c827729d1bde894fa4f9a708543dc6627ac6df4,49,unmixed_probe,periodic_candidate,False,2,iterating_monotone_drift,False,stored period-two class fails oscillation criterion,1e-06,0.005,0.0003111805383814517,0.0006141454434096093,0.9998303639201026,1.0043724326812662,inf,inf,inf,False,0.9999310388852778,1.9965748090419897,False
20260824_phase1_gpu_v3_float64_history,sdw,C:\Users\Kevin\Documents\VS Code\MPS-MFT\ladder_mps_mft\output\phase1_gpu\20260824_phase1_gpu_v3_float64_history\stateless_results\unfrustrated__sdw_s1\cubic_unfrustrated__sdw__float64_recovery__from_20260823_phase1_gpu_v2__sdw_s1\20260824T233216_248959_013e4e92dfc6\state.h5,C:\Users\Kevin\Documents\VS Code\MPS-MFT\ladder_mps_mft\output\phase1_gpu\20260824_phase1_gpu_v3_float64_history\configs\unfrustrated__sdw_s1.segment-001.toml,28d58d186c046d383b3ec3a4be410b2862d34536aa762cec953e345f8ff47501,4,unmixed_probe,fixed_point,True,1,fixed_point_candidate_slow_mode,False,stored fixed point fails extrapolated residual gate,1e-06,0.005,0.00030241546655730353,0.0008233119223438793,0.9999023760946851,0.9923033458771822,129.92658680547387,0.03929180936697538,0.1069701079463936,False,0.9999023760946851,2.007876107764577,False
20260826_phase1_unfrustrated_pairing_recurrence_chi400,sc,C:\Users\Kevin\Documents\VS Code\MPS-MFT\ladder_mps_mft\output\phase1_gpu\20260826_phase1_unfrustrated_pairing_recurrence_chi400\results\unfrustrated__pairing_s1_phase001_chi400\cubic_unfrustrated__sc__orbit_phase_parent__from_20260824_phase1_gpu_v3_float64_history_phase001__pairing_s1_phase001\20260826T192032_584816_013e4e92dfc6\state.h5,C:\Users\Kevin\Documents\VS Code\MPS-MFT\ladder_mps_mft\output\phase1_gpu\20260826_phase1_unfrustrated_pairing_recurrence_chi400\configs\unfrustrated__pairing_s1_phase001_chi400.segment-001.toml,b03fd467c1d9da72019a2963e1b5cb12a29f5e74ce0493ff3bf9fd6a6b8727ad,21,unmixed_probe,periodic_candidate,False,2,iterating_monotone_drift,False,stored period-two class fails oscillation criterion,1e-06,0.005,0.00047540741661016364,0.0009584593889248542,0.9998380304343463,1.0268817338812797,inf,inf,inf,False,0.9998524612157843,1.9834954366342037,False
20260826_phase1_unfrustrated_pairing_recurrence_chi400,sc,C:\Users\Kevin\Documents\VS Code\MPS-MFT\ladder_mps_mft\output\phase1_gpu\20260826_phase1_unfrustrated_pairing_recurrence_chi400\results\unfrustrated__pairing_s1_phase002_chi400\cubic_unfrustrated__sc__orbit_phase_parent__from_20260824_phase1_gpu_v3_float64_history_phase002__pairing_s1_phase002\20260826T192032_584954_013e4e92dfc6\state.h5,C:\Users\Kevin\Documents\VS Code\MPS-MFT\ladder_mps_mft\output\phase1_gpu\20260826_phase1_unfrustrated_pairing_recurrence_chi400\configs\unfrustrated__pairing_s1_phase002_chi400.segment-001.toml,a06e5d5dfa4c0eaf10f74546e0d029096e04b25bba709c963696e478f7167848,21,unmixed_probe,periodic_candidate,False,2,iterating_monotone_drift,False,stored period-two class fails oscillation criterion,1e-06,0.005,0.0004825287543576001,0.00097808906065582,0.9998405827805399,1.028415154728601,inf,inf,inf,False,0.9998550130938239,1.9812502908336411,False
20260826_phase1_unfrustrated_pairing_recurrence_chi400,sc,C:\Users\Kevin\Documents\VS Code\MPS-MFT\ladder_mps_mft\output\phase1_gpu\20260826_phase1_unfrustrated_pairing_recurrence_chi400\results\unfrustrated__pairing_s2_chi400\cubic_unfrustrated__sc__independent_seed__none__pairing_s2\20260826T204213_517615_013e4e92dfc6\state.h5,C:\Users\Kevin\Documents\VS Code\MPS-MFT\ladder_mps_mft\output\phase1_gpu\20260826_phase1_unfrustrated_pairing_recurrence_chi400\configs\unfrustrated__pairing_s2_chi400.segment-002.toml,db7b6b6df0286ef93706b8dd72fda7fd68b147fe634c54b09684d7c16229775e,9,unmixed_probe,time_limit,False,0,time_limit,False,unchanged,1e-06,0.005,0.06659267086489114,0.39227341501418966,0.9863035053643063,3.688589640701008,inf,inf,inf,False,0.9948520531197059,1.4030788705754487,False
20260828_phase1_unfrustrated_matched_seed_chi400,cdw,C:\Users\Kevin\Documents\VS Code\MPS-MFT\ladder_mps_mft\output\phase1_gpu\20260828_phase1_unfrustrated_matched_seed_chi400\results\unfrustrated__cdw_matched_m011_chi400\cubic_unfrustrated__cdw__matched_mode_independent_seed__none__matched_cdw_m011\20260829T131804_1343288_013e4e92dfc6\state.h5,C:\Users\Kevin\Documents\VS Code\MPS-MFT\ladder_mps_mft\output\phase1_gpu\20260828_phase1_unfrustrated_matched_seed_chi400\configs\unfrustrated__cdw_matched_m011_chi400.segment-001.toml,d7eb6f322cbfc0e35089a0061d165498aba91099b7ee7fbda3c9f28a9e346fa7,12,unmixed_probe,time_limit,False,0,time_limit,False,unchanged,1e-06,0.005,0.038617664655809326,0.12320334672093741,0.8144816820499298,0.40518796287742403,1.0,0.038617664655809326,0.12320334672093741,False,0.9966449824798947,2.883585876260428,False
20260828_phase1_unfrustrated_matched_seed_chi400,sc,C:\Users\Kevin\Documents\VS Code\MPS-MFT\ladder_mps_mft\output\phase1_gpu\20260828_phase1_unfrustrated_matched_seed_chi400\results\unfrustrated__pairing_matched_m000_chi400\cubic_unfrustrated__sc__matched_mode_independent_seed__none__matched_pairing_m000\20260829T113509_1320393_013e4e92dfc6\state.h5,C:\Users\Kevin\Documents\VS Code\MPS-MFT\ladder_mps_mft\output\phase1_gpu\20260828_phase1_unfrustrated_matched_seed_chi400\configs\unfrustrated__pairing_matched_m000_chi400.segment-001.toml,20ee38faf769ef6447482fa9c83ea69be4a0cd9fff7c052ea6956a954b5f7f2d,12,unmixed_probe,time_limit,False,0,time_limit,False,unchanged,1e-06,0.005,0.03187947723701326,0.14328783707711823,0.5995226533903619,0.39587433159287466,1.0,0.03187947723701326,0.14328783707711823,False,0.9972108089914099,2.4487910808618736,False
20260828_phase1_unfrustrated_matched_seed_chi400,sdw,C:\Users\Kevin\Documents\VS Code\MPS-MFT\ladder_mps_mft\output\phase1_gpu\20260828_phase1_unfrustrated_matched_seed_chi400\results\unfrustrated__sdw_matched_m058_chi400\cubic_unfrustrated__sdw__matched_mode_independent_seed__none__matched_sdw_m058\20260829T120016_1339690_013e4e92dfc6\state.h5,C:\Users\Kevin\Documents\VS Code\MPS-MFT\ladder_mps_mft\output\phase1_gpu\20260828_phase1_unfrustrated_matched_seed_chi400\configs\unfrustrated__sdw_matched_m058_chi400.segment-001.toml,a89c6752df443ae1d095e93d52b3208deac370ff54e5dc199c70de4ee678768d,9,unmixed_probe,time_limit,False,0,time_limit,False,unchanged,1e-06,0.005,0.0003176178695616788,0.0011762465622116199,0.488148536332101,0.5080879237643836,1.0,0.0003176178695616788,0.0011762465622116199,True,0.9827867329247766,5.077063142669579,False
20260830_phase1_square_t014_vm04_seed_chi200_loose,legacy_pairing_control,C:\Users\Kevin\Documents\VS Code\MPS-MFT\ladder_mps_mft\output\phase1_gpu\20260830_phase1_square_t014_vm04_seed_chi200_loose\results\square__legacy_pairing_mixed_chi200_loose\square__legacy_pairing_control__square_targeted_mode_independent_seed_exploratory__none__targeted_legacy_pairing_m000\20260831T093334_481870_e93552440b67\state.h5,C:\Users\Kevin\Documents\VS Code\MPS-MFT\ladder_mps_mft\output\phase1_gpu\20260830_phase1_square_t014_vm04_seed_chi200_loose\configs\square__legacy_pairing_mixed_chi200_loose.segment-001.toml,85e382b20326e079a70711405f09f3e9fd824cc622835e99c2b7e702046b900d,6,unmixed_probe,fixed_point,True,1,fixed_point,True,unchanged,1e-06,0.005,6.718379557063905e-07,3.859721670324126e-05,0.2932609601272398,0.0631323410819616,1.0,6.718379557063905e-07,3.859721670324126e-05,True,0.6565689524410997,8.241373077121857,False
20260830_phase1_square_t014_vm04_seed_chi200_loose,pairing_control,C:\Users\Kevin\Documents\VS Code\MPS-MFT\ladder_mps_mft\output\phase1_gpu\20260830_phase1_square_t014_vm04_seed_chi200_loose\results\square__pairing_dwave_m000_chi200_loose\square__pairing_control__square_targeted_mode_independent_seed_exploratory__none__targeted_pairing_m000\20260831T090951_447252_e93552440b67\state.h5,C:\Users\Kevin\Documents\VS Code\MPS-MFT\ladder_mps_mft\output\phase1_gpu\20260830_phase1_square_t014_vm04_seed_chi200_loose\configs\square__pairing_dwave_m000_chi200_loose.segment-001.toml,53a5eb40522e54a988b62bcb586e999a3d91663400211f0240b114232f1e273b,6,unmixed_probe,fixed_point,True,1,fixed_point,True,unchanged,1e-06,0.005,3.073389787549598e-07,2.1046399659115082e-05,0.3886208207223662,0.08026223412847623,1.0,3.073389787549598e-07,2.1046399659115082e-05,True,0.6216950893777085,9.444244982489964,False
20260830_phase1_square_t014_vm04_seed_chi200_loose,stripe_control,C:\Users\Kevin\Documents\VS Code\MPS-MFT\ladder_mps_mft\output\phase1_gpu\20260830_phase1_square_t014_vm04_seed_chi200_loose\results\square__stripe_m004_chi200_loose\square__stripe_control__square_targeted_mode_independent_seed_exploratory__none__targeted_stripe_m004\20260831T115229_142366_e93552440b67\state.h5,C:\Users\Kevin\Documents\VS Code\MPS-MFT\ladder_mps_mft\output\phase1_gpu\20260830_phase1_square_t014_vm04_seed_chi200_loose\configs\square__stripe_m004_chi200_loose.segment-001.toml,148f36dd18c060e6fe07bc9efff4e23b0c95d3d48d0ca0e6dabab735df916611,6,unmixed_probe,fixed_point,True,1,fixed_point_candidate_slow_mode,False,stored fixed point fails extrapolated residual gate,1e-06,0.005,3.875892004060648e-05,0.002053777864128341,0.9978643898538908,0.6087538855868249,2.555935926673385,9.906531621084717e-05,0.005249324628332157,False,0.9978643898538908,6.015897476554674,False
20260830_phase1_square_t014_vm04_seed_chi200_loose,stripe_control,C:\Users\Kevin\Documents\VS Code\MPS-MFT\ladder_mps_mft\output\phase1_gpu\20260830_phase1_square_t014_vm04_seed_chi200_loose\results\square__stripe_m005_chi200_loose\square__stripe_control__square_targeted_mode_independent_seed_exploratory__none__targeted_stripe_m005\20260831T120914_1790056_e93552440b67\state.h5,C:\Users\Kevin\Documents\VS Code\MPS-MFT\ladder_mps_mft\output\phase1_gpu\20260830_phase1_square_t014_vm04_seed_chi200_loose\configs\square__stripe_m005_chi200_loose.segment-001.toml,f6e4b47c8d0bf830ff8d66820f970b91424d5962162df540a04c364a575a304b,6,unmixed_probe,fixed_point,True,1,fixed_point,True,unchanged,1e-06,0.005,3.509765271857276e-05,0.0018590662940147446,0.9970596386482874,0.5993745058634061,2.496096765272378,8.760713741948275e-05,0.004640409362917111,True,0.9970596386482874,6.133336833937224,False
20260830_phase1_square_t014_vm04_seed_chi200_loose,coexistence,C:\Users\Kevin\Documents\VS Code\MPS-MFT\ladder_mps_mft\output\phase1_gpu\20260830_phase1_square_t014_vm04_seed_chi200_loose\results\square__stripe_pairing_m004_chi200_loose\square__coexistence__square_targeted_mode_independent_seed_exploratory__none__targeted_stripe_pairing_m004\20260831T123529_1798204_e93552440b67\state.h5,C:\Users\Kevin\Documents\VS Code\MPS-MFT\ladder_mps_mft\output\phase1_gpu\20260830_phase1_square_t014_vm04_seed_chi200_loose\configs\square__stripe_pairing_m004_chi200_loose.segment-001.toml,ecdd96b32f0224b452ffb861b662dce1ae7950eedf8c2d41b1f3d18691164965,6,unmixed_probe,fixed_point,True,1,fixed_point,True,unchanged,1e-06,0.005,2.640802579332354e-05,0.001417498715457749,0.9987776530346937,0.6100520556433362,2.564444855966096,6.772192590190854e-05,0.0036350972891941733,True,0.9987776530346937,6.266395589963383,False
20260830_phase1_square_t014_vm04_seed_chi200_loose,coexistence,C:\Users\Kevin\Documents\VS Code\MPS-MFT\ladder_mps_mft\output\phase1_gpu\20260830_phase1_square_t014_vm04_seed_chi200_loose\results\square__stripe_pairing_m005_chi200_loose\square__coexistence__square_targeted_mode_independent_seed_exploratory__none__targeted_stripe_pairing_m005\20260831T140748_1937176_e93552440b67\state.h5,C:\Users\Kevin\Documents\VS Code\MPS-MFT\ladder_mps_mft\output\phase1_gpu\20260830_phase1_square_t014_vm04_seed_chi200_loose\configs\square__stripe_pairing_m005_chi200_loose.segment-001.toml,f49b31217c2d34c0b72f8f6fceb9c441c26cd325ca8f2e162a8a996c62d68315,6,unmixed_probe,fixed_point,True,1,fixed_point,True,unchanged,1e-06,0.005,2.4510618067574708e-05,0.001316756873791298,0.9985155132516508,0.600849290211423,2.505319358018133,6.140692592168392e-05,0.0032988964857127785,True,0.9985155132516508,6.36710053633734,False
20260831_phase1_square_t014_vm04_chi200_tight5,legacy_pairing_control,C:\Users\Kevin\Documents\VS Code\MPS-MFT\ladder_mps_mft\output\phase1_gpu\20260831_phase1_square_t014_vm04_chi200_tight5\results\square__legacy_pairing_mixed_chi200_tight5\square__legacy_pairing_control__square_accepted_parent_tight_five_update_probe__from_20260830_phase1_square_t014_vm04_seed_chi200_loose__targeted_legacy_pairing_m000\20260901T085905_2066116_e93552440b67\state.h5,C:\Users\Kevin\Documents\VS Code\MPS-MFT\ladder_mps_mft\output\phase1_gpu\20260831_phase1_square_t014_vm04_chi200_tight5\configs\square__legacy_pairing_mixed_chi200_tight5.segment-001.toml,4eb01300b394bb7dd883fc6fe1469ccfe5cb5500db79cf74ea43af63f5aecdea,5,unmixed_probe,maximum_iterations,False,0,maximum_iterations,False,unchanged,1e-07,0.0001,2.871571099256204e-07,1.2116457965172289e-05,-0.809734521354277,-0.412812932886242,1.0,2.871571099256204e-07,1.2116457965172289e-05,True,-0.809734521354277,3.683843095794271,False
20260831_phase1_square_t014_vm04_chi200_tight5,pairing_control,C:\Users\Kevin\Documents\VS Code\MPS-MFT\ladder_mps_mft\output\phase1_gpu\20260831_phase1_square_t014_vm04_chi200_tight5\results\square__pairing_dwave_m000_chi200_tight5\square__pairing_control__square_accepted_parent_tight_five_update_probe__from_20260830_phase1_square_t014_vm04_seed_chi200_loose__targeted_pairing_m000\20260901T085905_2066118_e93552440b67\state.h5,C:\Users\Kevin\Documents\VS Code\MPS-MFT\ladder_mps_mft\output\phase1_gpu\20260831_phase1_square_t014_vm04_chi200_tight5\configs\square__pairing_dwave_m000_chi200_tight5.segment-001.toml,131b35b4fc49deebe5f1960c3da9112d4b732410f3b54b19fae04d83386aa11f,5,unmixed_probe,maximum_iterations,False,0,maximum_iterations,False,unchanged,1e-07,0.0001,3.056974685567912e-07,1.3828175142129581e-05,-0.7228149856648274,-0.4809079842016032,1.0,3.056974685567912e-07,1.3828175142129581e-05,True,-0.7228149856648274,3.7175034255239923,False
20260831_phase1_square_t014_vm04_chi200_tight5,stripe_control,C:\Users\Kevin\Documents\VS Code\MPS-MFT\ladder_mps_mft\output\phase1_gpu\20260831_phase1_square_t014_vm04_chi200_tight5\results\square__stripe_m004_chi200_tight5\square__stripe_control__square_accepted_parent_tight_five_update_probe__from_20260830_phase1_square_t014_vm04_seed_chi200_loose__targeted_stripe_m004\20260901T111122_866066_e93552440b67\state.h5,C:\Users\Kevin\Documents\VS Code\MPS-MFT\ladder_mps_mft\output\phase1_gpu\20260831_phase1_square_t014_vm04_chi200_tight5\configs\square__stripe_m004_chi200_tight5.segment-001.toml,5767bc529676aaa1fa495b6a585178c0156f6398431f8ca1c3786c4fac46c357,5,unmixed_probe,maximum_iterations,False,0,maximum_iterations,False,unchanged,1e-07,0.0001,3.495070929403904e-06,0.00017795019817872543,0.9940315139199422,0.6090437178357192,2.5578307489117096,8.939799892856733e-06,0.0004551664886764764,False,0.9940315139199422,2.669460378693506,False
20260831_phase1_square_t014_vm04_chi200_tight5,stripe_control,C:\Users\Kevin\Documents\VS Code\MPS-MFT\ladder_mps_mft\output\phase1_gpu\20260831_phase1_square_t014_vm04_chi200_tight5\results\square__stripe_m005_chi200_tight5\square__stripe_control__square_accepted_parent_tight_five_update_probe__from_20260830_phase1_square_t014_vm04_seed_chi200_loose__targeted_stripe_m005\20260901T111122_866433_e93552440b67\state.h5,C:\Users\Kevin\Documents\VS Code\MPS-MFT\ladder_mps_mft\output\phase1_gpu\20260831_phase1_square_t014_vm04_chi200_tight5\configs\square__stripe_m005_chi200_tight5.segment-001.toml,c493a544ba3c3a82dacfa325dc63030320a7a2aaea27638dc262acd24fd951e7,5,unmixed_probe,maximum_iterations,False,0,maximum_iterations,False,unchanged,1e-07,0.0001,3.0597224193506037e-06,0.0001501217154100937,0.988667908001098,0.5980561154832964,2.4879094782158404,7.612312407811869e-06,0.00037348923865479315,False,0.988667908001098,2.7051591999502467,False
20260831_phase1_square_t014_vm04_chi200_tight5,coexistence,C:\Users\Kevin\Documents\VS Code\MPS-MFT\ladder_mps_mft\output\phase1_gpu\20260831_phase1_square_t014_vm04_chi200_tight5\results\square__stripe_pairing_m004_chi200_tight5\square__coexistence__square_accepted_parent_tight_five_update_probe__from_20260830_phase1_square_t014_vm04_seed_chi200_loose__targeted_stripe_pairing_m004\20260901T113915_877843_e93552440b67\state.h5,C:\Users\Kevin\Documents\VS Code\MPS-MFT\ladder_mps_mft\output\phase1_gpu\20260831_phase1_square_t014_vm04_chi200_tight5\configs\square__stripe_pairing_m004_chi200_tight5.segment-001.toml,1e00d7906f0f16ab1d5f2b9b9d603e7795ea2ce9fe49cd0b337d1f2d17950a39,5,unmixed_probe,maximum_iterations,False,0,maximum_iterations,False,unchanged,1e-07,0.0001,2.420438152195021e-06,0.00012317055542251343,0.987061883753054,0.6063042252634723,2.5400323401215776,6.1479911838394665e-06,0.00031285719412392125,False,0.987061883753054,2.7031707703314574,False
20260831_phase1_square_t014_vm04_chi200_tight5,coexistence,C:\Users\Kevin\Documents\VS Code\MPS-MFT\ladder_mps_mft\output\phase1_gpu\20260831_phase1_square_t014_vm04_chi200_tight5\results\square__stripe_pairing_m005_chi200_tight5\square__coexistence__square_accepted_parent_tight_five_update_probe__from_20260830_phase1_square_t014_vm04_seed_chi200_loose__targeted_stripe_pairing_m005\20260901T114159_878684_e93552440b67\state.h5,C:\Users\Kevin\Documents\VS Code\MPS-MFT\ladder_mps_mft\output\phase1_gpu\20260831_phase1_square_t014_vm04_chi200_tight5\configs\square__stripe_pairing_m005_chi200_tight5.segment-001.toml,2f03ca25654df34a34774be2a9a3acb686020693adc5f1eef8cac5f657bdc236,5,unmixed_probe,maximum_iterations,False,0,maximum_iterations,False,unchanged,1e-07,0.0001,2.222245924832656e-06,0.00010609916467144535,0.9845920592045503,0.5930954266860905,2.457578669750027,5.461344183807657e-06,0.0002607470439748397,False,0.9845920592045503,2.7404271436049648,False
20260902_phase1_square_t014_v000_seed_chi200_loose_cuda130,legacy_pairing_control,C:\Users\Kevin\Documents\VS Code\MPS-MFT\ladder_mps_mft\output\phase1_gpu\20260902_phase1_square_t014_v000_seed_chi200_loose_cuda130\results\square__legacy_pairing_mixed_chi200_loose\square__legacy_pairing_control__square_targeted_mode_independent_seed_exploratory__none__targeted_legacy_pairing_m000\20260902T234004_396550_75954fd2eaab\state.h5,C:\Users\Kevin\Documents\VS Code\MPS-MFT\ladder_mps_mft\output\phase1_gpu\20260902_phase1_square_t014_v000_seed_chi200_loose_cuda130\configs\square__legacy_pairing_mixed_chi200_loose.segment-001.toml,b1c972a8b04b39b262e90c1585a943b145cf40d226a8e3e4b52a39b1fbbae86c,6,unmixed_probe,fixed_point,True,1,fixed_point,True,unchanged,1e-06,0.005,5.838219026626894e-06,0.00022676279620667116,-0.8451979661739316,-0.24080160568735562,1.0,5.838219026626894e-06,0.00022676279620667116,True,0.020882648592816508,6.367719215669859,False
20260902_phase1_square_t014_v000_seed_chi200_loose_cuda130,pairing_control,C:\Users\Kevin\Documents\VS Code\MPS-MFT\ladder_mps_mft\output\phase1_gpu\20260902_phase1_square_t014_v000_seed_chi200_loose_cuda130\results\square__pairing_dwave_m000_chi200_loose\square__pairing_control__square_targeted_mode_independent_seed_exploratory__none__targeted_pairing_m000\20260902T230658_727249_75954fd2eaab\state.h5,C:\Users\Kevin\Documents\VS Code\MPS-MFT\ladder_mps_mft\output\phase1_gpu\20260902_phase1_square_t014_v000_seed_chi200_loose_cuda130\configs\square__pairing_dwave_m000_chi200_loose.segment-001.toml,195e6b6f7ace261a7a444320ec8151bb05bc79576bb17116c5ab90f81cae9e54,6,unmixed_probe,fixed_point,True,1,fixed_point,True,unchanged,1e-06,0.005,3.4050782604620744e-06,0.00013484454574299543,-0.8059035850196992,-0.22892030602311553,1.0,3.4050782604620744e-06,0.00013484454574299543,True,-0.05229830147461723,7.670378172595577,False
20260902_phase1_square_t014_v000_seed_chi200_loose_cuda130,stripe_control,C:\Users\Kevin\Documents\VS Code\MPS-MFT\ladder_mps_mft\output\phase1_gpu\20260902_phase1_square_t014_v000_seed_chi200_loose_cuda130\results\square__stripe_m004_chi200_loose\square__stripe_control__square_targeted_mode_independent_seed_exploratory__none__targeted_stripe_m004\20260903T014952_181603_75954fd2eaab\state.h5,C:\Users\Kevin\Documents\VS Code\MPS-MFT\ladder_mps_mft\output\phase1_gpu\20260902_phase1_square_t014_v000_seed_chi200_loose_cuda130\configs\square__stripe_m004_chi200_loose.segment-001.toml,b491ec81f7188d44b639ba756e3523074cda151b3a8f0a8e03e9621554d1ae5d,6,unmixed_probe,fixed_point,True,1,fixed_point,True,unchanged,1e-06,0.005,0.00022495963728319589,0.004107951978069814,0.8861308401395934,0.920797317326841,1.0,0.00022495963728319589,0.004107951978069814,True,0.8861308401395934,6.187951608201692,False
20260902_phase1_square_t014_v000_seed_chi200_loose_cuda130,stripe_control,C:\Users\Kevin\Documents\VS Code\MPS-MFT\ladder_mps_mft\output\phase1_gpu\20260902_phase1_square_t014_v000_seed_chi200_loose_cuda130\results\square__stripe_m005_chi200_loose\square__stripe_control__square_targeted_mode_independent_seed_exploratory__none__targeted_stripe_m005\20260903T022716_1694688_75954fd2eaab\state.h5,C:\Users\Kevin\Documents\VS Code\MPS-MFT\ladder_mps_mft\output\phase1_gpu\20260902_phase1_square_t014_v000_seed_chi200_loose_cuda130\configs\square__stripe_m005_chi200_loose.segment-001.toml,035dd380e79f1cdadd733b0b9ca5acbb9ea17d8a2279056ce6ecdbdb689212ee,28,anderson,fixed_point,True,1,fixed_point,True,unchanged,1e-06,0.005,2.1378465343772045e-05,0.00037213608052507724,-0.028502550400280217,-0.004042813452452781,1.0,2.1378465343772045e-05,0.00037213608052507724,True,0.9983859824006683,157.35458933952276,False
20260902_phase1_square_t014_v000_seed_chi200_loose_cuda130,coexistence,C:\Users\Kevin\Documents\VS Code\MPS-MFT\ladder_mps_mft\output\phase1_gpu\20260902_phase1_square_t014_v000_seed_chi200_loose_cuda130\results\square__stripe_pairing_m004_chi200_loose\square__coexistence__square_targeted_mode_independent_seed_exploratory__none__targeted_stripe_pairing_m004\20260903T041433_1712511_75954fd2eaab\state.h5,C:\Users\Kevin\Documents\VS Code\MPS-MFT\ladder_mps_mft\output\phase1_gpu\20260902_phase1_square_t014_v000_seed_chi200_loose_cuda130\configs\square__stripe_pairing_m004_chi200_loose.segment-001.toml,5c37b0667a1dd0bfedefd7963a100d5954dbdb11aafff8ea00f1f61c360dbe59,25,anderson,fixed_point,True,1,fixed_point,True,unchanged,1e-06,0.005,8.315116375619443e-05,0.0018425065211997251,0.9854675077704456,0.4372754374321749,1.777068332394803,0.0001477652999129076,0.0032742599910549454,True,0.999975417342721,203.40364722554438,False
20260902_phase1_square_t014_v000_seed_chi200_loose_cuda130,coexistence,C:\Users\Kevin\Documents\VS Code\MPS-MFT\ladder_mps_mft\output\phase1_gpu\20260902_phase1_square_t014_v000_seed_chi200_loose_cuda130\results\square__stripe_pairing_m005_chi200_loose\square__coexistence__square_targeted_mode_independent_seed_exploratory__none__targeted_stripe_pairing_m005\20260903T050833_725956_75954fd2eaab\state.h5,C:\Users\Kevin\Documents\VS Code\MPS-MFT\ladder_mps_mft\output\phase1_gpu\20260902_phase1_square_t014_v000_seed_chi200_loose_cuda130\configs\square__stripe_pairing_m005_chi200_loose.segment-001.toml,8fa4a504a0a11017b0879f55ef8913c21bebf4345930ae099e953a146462f39f,25,anderson,fixed_point,True,1,fixed_point,True,unchanged,1e-06,0.005,6.972699526237944e-05,0.001566295164098141,0.9862069069517909,0.4456438610023675,1.8038945177159313,0.000125780144490611,0.0028254312596416114,True,0.9999812328930117,211.00887125255701,False
RUN_ID,cdw,C:\Users\Kevin\Documents\VS Code\MPS-MFT\ladder_mps_mft\output\phase1_gpu\RUN_ID\results\frustrated__cdw_s1\cubic_frustrated__cdw__independent_seed__none__cdw_s1\20260825T230615_2329131_a1e2dc4ccbe2\state.h5,C:\Users\Kevin\Documents\VS Code\MPS-MFT\ladder_mps_mft\output\phase1_gpu\RUN_ID\configs\frustrated__cdw_s1.segment-001.toml,877a1cd337f4c36e520a161024168dd1109fa5d4743144dce87f68165b5b2695,32,unmixed_probe,fixed_point,True,1,fixed_point,True,unchanged,1e-06,0.005,6.320521476359253e-06,5.552588283912859e-05,-0.9811768192939078,-1.5764348340919103,1.0,6.320521476359253e-06,5.552588283912859e-05,True,0.592406408425407,6.705047028244779,False
RUN_ID,sc,C:\Users\Kevin\Documents\VS Code\MPS-MFT\ladder_mps_mft\output\phase1_gpu\RUN_ID\results\frustrated__pairing_s1\cubic_frustrated__sc__independent_seed__none__pairing_s1\20260825T225559_2325208_a1e2dc4ccbe2\state.h5,C:\Users\Kevin\Documents\VS Code\MPS-MFT\ladder_mps_mft\output\phase1_gpu\RUN_ID\configs\frustrated__pairing_s1.segment-001.toml,5e4ab0df375843e72742b67aee1d7ecc23d3f916711c675a3b6ee16ac5344535,31,unmixed_probe,fixed_point,True,1,fixed_point,True,unchanged,1e-06,0.005,6.2583628546979825e-06,3.074318187425434e-05,-0.7177665029924668,-0.9990335806991083,1.0,6.2583628546979825e-06,3.074318187425434e-05,True,0.02664244846417645,3.8786828775482047,False
RUN_ID,sdw,C:\Users\Kevin\Documents\VS Code\MPS-MFT\ladder_mps_mft\output\phase1_gpu\RUN_ID\results\frustrated__sdw_s1\cubic_frustrated__sdw__independent_seed__none__sdw_s1\20260825T230350_2327318_a1e2dc4ccbe2\state.h5,C:\Users\Kevin\Documents\VS Code\MPS-MFT\ladder_mps_mft\output\phase1_gpu\RUN_ID\configs\frustrated__sdw_s1.segment-001.toml,5c0882859e51e7cb66908310bb693cc826815675ef0b39ea02847de485c91af3,33,unmixed_probe,fixed_point,True,1,fixed_point,True,unchanged,1e-06,0.005,2.2516518933817127e-06,1.1202606516122614e-05,-0.6903788920168401,-0.7439111396031526,1.0,2.2516518933817127e-06,1.1202606516122614e-05,True,-0.4371539215078855,5.99372139324409,False
RUN_ID,cdw,C:\Users\Kevin\Documents\VS Code\MPS-MFT\ladder_mps_mft\output\phase1_gpu\RUN_ID\results\square__cdw_s1\square__cdw__independent_seed__none__cdw_s1\20260826T002112_621806_984cc80a2de4\state.h5,C:\Users\Kevin\Documents\VS Code\MPS-MFT\ladder_mps_mft\output\phase1_gpu\RUN_ID\configs\square__cdw_s1.segment-001.toml,27b96ffba5a566e5f17e0f590c3a02c4b3ff460fb14954e3b6a83fdd9c39f880,38,anderson,fixed_point,True,1,fixed_point_candidate_slow_mode,False,stored fixed point fails extrapolated residual gate,1e-06,0.005,7.916451492483807e-05,0.0008333195921683702,0.9932216144494406,0.9908802874691148,109.6525791370464,0.008680593237641697,0.09137564252669345,False,0.9971643326849645,13.875820921898654,False
RUN_ID,sc,C:\Users\Kevin\Documents\VS Code\MPS-MFT\ladder_mps_mft\output\phase1_gpu\RUN_ID\results\square__pairing_s1\square__sc__independent_seed__none__pairing_s1\20260825T234201_1569630_984cc80a2de4\state.h5,C:\Users\Kevin\Documents\VS Code\MPS-MFT\ladder_mps_mft\output\phase1_gpu\RUN_ID\configs\square__pairing_s1.segment-001.toml,37c38c5cc2f11fa563ed7404c128e4ac7c7e7c621b05ebecc70e650f646a44c3,35,anderson,fixed_point,True,1,fixed_point_candidate_slow_mode,False,stored fixed point fails extrapolated residual gate,1e-06,0.005,0.00015694686869402105,0.0013236327035697985,0.9993291287766112,1.0203298475474893,inf,inf,inf,False,0.9979305017854586,7.272288220966134,False
RUN_ID,sdw,C:\Users\Kevin\Documents\VS Code\MPS-MFT\ladder_mps_mft\output\phase1_gpu\RUN_ID\results\square__sdw_s1\square__sdw__independent_seed__none__sdw_s1\20260825T235847_56857_984cc80a2de4\state.h5,C:\Users\Kevin\Documents\VS Code\MPS-MFT\ladder_mps_mft\output\phase1_gpu\RUN_ID\configs\square__sdw_s1.segment-001.toml,52a682c3d3f3a9916135f687f1a12023446c6a0e76492620929e5c04d62e8718,58,anderson,fixed_point,True,1,fixed_point_candidate_slow_mode,False,stored fixed point fails extrapolated residual gate,1e-06,0.005,0.00016265391864653256,0.0018323751344777026,0.9987332026122056,1.0041448334809489,inf,inf,inf,False,0.9971135572074741,8.626537147143926,False
RUN_ID,cdw,C:\Users\Kevin\Documents\VS Code\MPS-MFT\ladder_mps_mft\output\phase1_gpu\RUN_ID\results\unfrustrated__cdw_s1\cubic_unfrustrated__cdw__independent_seed__none__cdw_s1\20260825T234003_1566841_013e4e92dfc6\state.h5,C:\Users\Kevin\Documents\VS Code\MPS-MFT\ladder_mps_mft\output\phase1_gpu\RUN_ID\configs\unfrustrated__cdw_s1.segment-001.toml,8d47cc7b7ace66347ae881db4a0d990c0a817f1f92cb07f3a7ccdd3d060f94cd,34,anderson,stagnated,False,0,stagnated,False,unchanged,1e-06,0.005,0.00039851647155414276,0.0008194654884716563,0.8943181878329856,0.9809854417002385,1.0,0.00039851647155414276,0.0008194654884716563,True,0.9938510360317113,3.6910214956950256,False
RUN_ID,sc,C:\Users\Kevin\Documents\VS Code\MPS-MFT\ladder_mps_mft\output\phase1_gpu\RUN_ID\results\unfrustrated__pairing_s1\cubic_unfrustrated__sc__independent_seed__none__pairing_s1\20260825T232039_2331423_013e4e92dfc6\state.h5,C:\Users\Kevin\Documents\VS Code\MPS-MFT\ladder_mps_mft\output\phase1_gpu\RUN_ID\configs\unfrustrated__pairing_s1.segment-001.toml,f3cf3b2b7eb31431362ee577ec831224167581774673d543b1b889d324ccc9d7,18,unmixed_probe,fixed_point,True,1,fixed_point_candidate_slow_mode,False,stored fixed point fails extrapolated residual gate,1e-06,0.005,0.00013084021502533794,0.0002453242792277683,0.9992122212098546,0.9927356432864477,137.65843823919212,0.0180112596592681,0.033770957140650065,False,0.9992122212098546,5.627014511069538,False
RUN_ID,sdw,C:\Users\Kevin\Documents\VS Code\MPS-MFT\ladder_mps_mft\output\phase1_gpu\RUN_ID\results\unfrustrated__sdw_s1\cubic_unfrustrated__sdw__independent_seed__none__sdw_s1\20260825T232436_2224612_013e4e92dfc6\state.h5,C:\Users\Kevin\Documents\VS Code\MPS-MFT\ladder_mps_mft\output\phase1_gpu\RUN_ID\configs\unfrustrated__sdw_s1.segment-001.toml,cb1b9c0e2c4abfec8f4c4c937506b110d857ea71b3d4dc3825b67c18ebfad6dd,39,anderson,fixed_point,True,1,fixed_point_candidate_slow_mode,False,stored fixed point fails extrapolated residual gate,1e-06,0.005,0.0003804254394010817,0.0009879776096732465,0.9565972562392875,1.0027242318529572,inf,inf,inf,False,0.9997737481442044,7.582766755973788,False
