campaign,path,compact_sha256,full_sha256,status,accepted,period,schema,geometry,L,t0,V,chi,branch,iterations,density,target_density,mu,canonical_per_site,corrected_per_site,density_correction_scale,final_sweeps,last_sweep_change,dmrg_energy_tol,model_fp,numerical_fp,implementation_fp,registry_fp,stored_slow_rel
20260823_phase1_gpu_v2,output\phase1_gpu\20260823_phase1_gpu_v2\stateless_results\frustrated__cdw_s1\cubic_frustrated__cdw__independent_seed__none__cdw_s1\20260824T034854_2158693_a1e2dc4ccbe2\state.h5,28e1e24aecc056ed67c57719eca1b83d4b280311da4934a5582a42e5e6696e12,2a375e2afd82e355f6d54cdeb110d3f9ee93e6eec5804507f47aac527928ef2e,periodic_candidate,False,2,4,cubic_frustrated,64,1.1,-0.2,200,cdw,10,0.9374279486946762,0.9375,1.0377661419698672,-0.7925512632344334,nan,7.477240514981354e-05,0,nan,1e-08,a1e2dc4ccbe263d1060678eb0a51f20cabec9b02d7b7fcba7a23fa9af7e215bc,b0b631b1cefd447b6218f8f4cb713f0f2d8b565b8a0c271dbf8de21598a443d7,d7e3627db356075ad8d4d74f65642acfcf23c637b4a969c78df307bd7b95f1d4,2209bd2ca3c1ad02c0e542d1a9d63ecf90fdfa49120ad9cc3af599a5b4bc1f0e,
20260823_phase1_gpu_v2,output\phase1_gpu\20260823_phase1_gpu_v2\stateless_results\frustrated__pairing_s1\cubic_frustrated__sc__independent_seed__none__pairing_s1\20260824T034506_2036560_a1e2dc4ccbe2\state.h5,7a1352be5ba7a355cfc1a227738e469aa55dccf92da5f494a9ca8366c5058fd4,39d9c8078d32c7701a3fa9a3b38c13cd868a6be6bef8724f8e1c81e2c684ce12,periodic_candidate,False,2,4,cubic_frustrated,64,1.1,-0.2,200,sc,10,0.9374384772963822,0.9375,1.037748598952323,-0.7925395451152684,nan,6.384509948314259e-05,0,nan,1e-08,a1e2dc4ccbe263d1060678eb0a51f20cabec9b02d7b7fcba7a23fa9af7e215bc,b0b631b1cefd447b6218f8f4cb713f0f2d8b565b8a0c271dbf8de21598a443d7,d7e3627db356075ad8d4d74f65642acfcf23c637b4a969c78df307bd7b95f1d4,2209bd2ca3c1ad02c0e542d1a9d63ecf90fdfa49120ad9cc3af599a5b4bc1f0e,
20260823_phase1_gpu_v2,output\phase1_gpu\20260823_phase1_gpu_v2\stateless_results\frustrated__sdw_s1\cubic_frustrated__sdw__independent_seed__none__sdw_s1\20260824T034731_1760020_a1e2dc4ccbe2\state.h5,fa5b4ccb19ea1f426dbf3ceacf527efb7962dc51bc6095cc286bb1ccf6836fc5,1e816a9edbded842c0b20c89d69078dbf1b650c155f439ebbed106e8f7131896,periodic_candidate,False,2,4,cubic_frustrated,64,1.1,-0.2,200,sdw,31,0.9373591463081539,0.9375,1.0376931876951478,-0.7926264292423121,nan,0.00014616291649044305,0,nan,1e-08,a1e2dc4ccbe263d1060678eb0a51f20cabec9b02d7b7fcba7a23fa9af7e215bc,b0b631b1cefd447b6218f8f4cb713f0f2d8b565b8a0c271dbf8de21598a443d7,d7e3627db356075ad8d4d74f65642acfcf23c637b4a969c78df307bd7b95f1d4,2209bd2ca3c1ad02c0e542d1a9d63ecf90fdfa49120ad9cc3af599a5b4bc1f0e,
20260823_phase1_gpu_v2,output\phase1_gpu\20260823_phase1_gpu_v2\stateless_results\square__cdw_s1\square__cdw__independent_seed__none__cdw_s1\20260824T035608_1770347_984cc80a2de4\state.h5,770851b2c87e8f58025ced63cf9935b62823c06f7a1773360356199615525616,afb0925b7c9c76a8fc420f88c53b3a1aa91052b406591159347810962ef9792d,periodic_candidate,False,2,4,square,64,1.1,-0.2,200,cdw,28,0.9374966321047395,0.9375,1.0737800012943923,-0.8073671110817711,nan,3.616378577128841e-06,0,nan,1e-08,984cc80a2de439a0aba6eacffeccd706e16f20704ddd0a88bd8e3cb0a2aeefa0,b0b631b1cefd447b6218f8f4cb713f0f2d8b565b8a0c271dbf8de21598a443d7,d7e3627db356075ad8d4d74f65642acfcf23c637b4a969c78df307bd7b95f1d4,2209bd2ca3c1ad02c0e542d1a9d63ecf90fdfa49120ad9cc3af599a5b4bc1f0e,
20260823_phase1_gpu_v2,output\phase1_gpu\20260823_phase1_gpu_v2\stateless_results\square__pairing_s1\square__sc__independent_seed__none__pairing_s1\20260824T035320_235446_984cc80a2de4\state.h5,cd2c70e5e0ac46cb687a8abbe0c02c4ec512ae40fb4a9c272eb271a0dc9646d4,c08b90d8fbae3dab470ac6525ea2b1893eb041fe9cd7682cc78745d62d34402e,periodic_candidate,False,2,4,square,64,1.1,-0.2,200,sc,28,0.9374974003294483,0.9375,1.0879354572618785,-0.80782874620389,nan,2.8282737704127804e-06,0,nan,1e-08,984cc80a2de439a0aba6eacffeccd706e16f20704ddd0a88bd8e3cb0a2aeefa0,b0b631b1cefd447b6218f8f4cb713f0f2d8b565b8a0c271dbf8de21598a443d7,d7e3627db356075ad8d4d74f65642acfcf23c637b4a969c78df307bd7b95f1d4,2209bd2ca3c1ad02c0e542d1a9d63ecf90fdfa49120ad9cc3af599a5b4bc1f0e,
20260823_phase1_gpu_v2,output\phase1_gpu\20260823_phase1_gpu_v2\stateless_results\square__sdw_s1\square__sdw__independent_seed__none__sdw_s1\20260824T035320_235460_984cc80a2de4\state.h5,e95caa55dfe852fb0c0a2767b624beed2890c77eb33444d7a91c973f95a1a4bf,deec0510cd5dec0f2449ec1ed145207a05551ee8ee6db8cbad42d89786ddcd65,stagnated,False,0,4,square,64,1.1,-0.2,200,sdw,37,0.9374951906502247,0.9375,1.0897380614818628,-0.8078165734546836,nan,5.240931501139272e-06,0,nan,1e-08,984cc80a2de439a0aba6eacffeccd706e16f20704ddd0a88bd8e3cb0a2aeefa0,b0b631b1cefd447b6218f8f4cb713f0f2d8b565b8a0c271dbf8de21598a443d7,d7e3627db356075ad8d4d74f65642acfcf23c637b4a969c78df307bd7b95f1d4,2209bd2ca3c1ad02c0e542d1a9d63ecf90fdfa49120ad9cc3af599a5b4bc1f0e,
20260823_phase1_gpu_v2,output\phase1_gpu\20260823_phase1_gpu_v2\stateless_results\unfrustrated__cdw_s1\cubic_unfrustrated__cdw__independent_seed__none__cdw_s1\20260824T035206_1737345_013e4e92dfc6\state.h5,6008846c313a08e512d86d7cbd3d1a01fba2df02bda37264b3ef602181103a96,b22594d099af6c74fc03a8243f94461841ddc69b028a09e215b6edad3426882e,periodic_candidate,False,2,4,cubic_unfrustrated,64,1.1,-0.2,200,cdw,38,0.937497082457412,0.9375,0.9324108854070197,-0.8157303664000833,nan,2.720348467657811e-06,0,nan,1e-08,013e4e92dfc606761176ac1a5aa8a369ce0338a6d3751b52bd0ac720955bea5d,b0b631b1cefd447b6218f8f4cb713f0f2d8b565b8a0c271dbf8de21598a443d7,d7e3627db356075ad8d4d74f65642acfcf23c637b4a969c78df307bd7b95f1d4,2209bd2ca3c1ad02c0e542d1a9d63ecf90fdfa49120ad9cc3af599a5b4bc1f0e,
20260823_phase1_gpu_v2,output\phase1_gpu\20260823_phase1_gpu_v2\stateless_results\unfrustrated__pairing_s1\cubic_unfrustrated__sc__independent_seed__none__pairing_s1\20260824T035202_1948718_013e4e92dfc6\state.h5,ca10b350abe7e78e9be3bfcc41d940078c951da64163cd56b6929b464a166700,bb4c094f591bf24ecc16bffa2d160f323ea03cf16a801c1a414504d1c16b012e,periodic_candidate,False,2,4,cubic_unfrustrated,64,1.1,-0.2,200,sc,18,0.9376580802490935,0.9375,1.0085732178631077,-0.8112327154942868,nan,0.00015943550550880564,0,nan,1e-08,013e4e92dfc606761176ac1a5aa8a369ce0338a6d3751b52bd0ac720955bea5d,b0b631b1cefd447b6218f8f4cb713f0f2d8b565b8a0c271dbf8de21598a443d7,d7e3627db356075ad8d4d74f65642acfcf23c637b4a969c78df307bd7b95f1d4,2209bd2ca3c1ad02c0e542d1a9d63ecf90fdfa49120ad9cc3af599a5b4bc1f0e,
20260823_phase1_gpu_v2,output\phase1_gpu\20260823_phase1_gpu_v2\stateless_results\unfrustrated__sdw_s1\cubic_unfrustrated__sdw__independent_seed__none__sdw_s1\20260824T035206_1737242_013e4e92dfc6\state.h5,8fa1b6f0eca267a5856e76de57685ebfb679b03a1fe3ddae534e19c7cc8dc096,a18716812de1b83344f1196d11aed3d6c344231fcbfdb2276ef713bafa80a6d8,periodic_candidate,False,2,4,cubic_unfrustrated,64,1.1,-0.2,200,sdw,43,0.9374967668554746,0.9375,0.8062607324215562,-0.8157266452654597,nan,2.6067574731048275e-06,0,nan,1e-08,013e4e92dfc606761176ac1a5aa8a369ce0338a6d3751b52bd0ac720955bea5d,b0b631b1cefd447b6218f8f4cb713f0f2d8b565b8a0c271dbf8de21598a443d7,d7e3627db356075ad8d4d74f65642acfcf23c637b4a969c78df307bd7b95f1d4,2209bd2ca3c1ad02c0e542d1a9d63ecf90fdfa49120ad9cc3af599a5b4bc1f0e,
20260824_phase1_gpu_v3_float64_history,output\phase1_gpu\20260824_phase1_gpu_v3_float64_history\stateless_results\frustrated__cdw_s1\cubic_frustrated__cdw__float64_recovery__from_20260823_phase1_gpu_v2__cdw_s1\20260824T232845_369685_a1e2dc4ccbe2\state.h5,f2fed51e39a57c12790aa86305e74ff9b57ab49cd19e8c1b17c04fe1279e1321,43323c002ff591addb8f4d797822587abd258d1b2b3f0c83c7671eb5d81fe886,fixed_point,True,1,5,cubic_frustrated,64,1.1,-0.2,200,cdw,34,0.937394500467635,0.9375,1.0379265255290173,-0.7926170993018984,nan,0.00010950076307259229,0,nan,1e-08,a1e2dc4ccbe263d1060678eb0a51f20cabec9b02d7b7fcba7a23fa9af7e215bc,d6e111ac768d0c62313076aa92b11e7ea83fa533249f45d419108768db799be7,c9652d9c07677175724210bfd8a98ca80ff6d4408b0071d6e1b7dfa0ef90cbf5,2209bd2ca3c1ad02c0e542d1a9d63ecf90fdfa49120ad9cc3af599a5b4bc1f0e,
20260824_phase1_gpu_v3_float64_history,output\phase1_gpu\20260824_phase1_gpu_v3_float64_history\stateless_results\frustrated__pairing_s1\cubic_frustrated__sc__float64_recovery__from_20260823_phase1_gpu_v2__pairing_s1\20260824T224421_359610_a1e2dc4ccbe2\state.h5,157a0a664797676d59dd450b08b7d9789c5551d6eb46af77d384a3251d4eb64f,0f822184df32b965c2984326b595f36a1849897f2f436a2c867d29dec2fde3e3,fixed_point,True,1,5,cubic_frustrated,64,1.1,-0.2,200,sc,33,0.9374580744631745,0.9375,1.0380206142947723,-0.7925511038926818,nan,4.351957149021369e-05,0,nan,1e-08,a1e2dc4ccbe263d1060678eb0a51f20cabec9b02d7b7fcba7a23fa9af7e215bc,d6e111ac768d0c62313076aa92b11e7ea83fa533249f45d419108768db799be7,c9652d9c07677175724210bfd8a98ca80ff6d4408b0071d6e1b7dfa0ef90cbf5,2209bd2ca3c1ad02c0e542d1a9d63ecf90fdfa49120ad9cc3af599a5b4bc1f0e,
20260824_phase1_gpu_v3_float64_history,output\phase1_gpu\20260824_phase1_gpu_v3_float64_history\stateless_results\frustrated__sdw_s1\cubic_frustrated__sdw__float64_recovery__from_20260823_phase1_gpu_v2__sdw_s1\20260824T224416_359612_a1e2dc4ccbe2\state.h5,b83a42456d3e40a0c06c32980fcbb617d61c17e1a7441d76fa4a489a9c56bd4d,47c029403240efa172f0e36929b2f10316f31ffca9518f192d8831c2b1c89f42,fixed_point,True,1,5,cubic_frustrated,64,1.1,-0.2,200,sdw,32,0.9374499777051539,0.9375,1.0380090923363616,-0.7925595347436347,nan,5.1923596869756064e-05,0,nan,1e-08,a1e2dc4ccbe263d1060678eb0a51f20cabec9b02d7b7fcba7a23fa9af7e215bc,d6e111ac768d0c62313076aa92b11e7ea83fa533249f45d419108768db799be7,c9652d9c07677175724210bfd8a98ca80ff6d4408b0071d6e1b7dfa0ef90cbf5,2209bd2ca3c1ad02c0e542d1a9d63ecf90fdfa49120ad9cc3af599a5b4bc1f0e,
20260824_phase1_gpu_v3_float64_history,output\phase1_gpu\20260824_phase1_gpu_v3_float64_history\stateless_results\square__cdw_s1\square__cdw__float64_recovery__from_20260823_phase1_gpu_v2__cdw_s1\20260824T230306_2007222_984cc80a2de4\state.h5,0670d23c3d87536a2673f2bb8a2b1356cba5e9a410ea46cf3ece70f28c847a11,c16b95265e582fd2a581ec5f10b196dff2696fe148ac9b69b18dd8f561d4ec79,fixed_point,True,1,5,square,64,1.1,-0.2,200,cdw,6,0.937499997620506,0.9375,1.0737800012943923,-0.8073916326471388,nan,2.555053120057123e-09,0,nan,1e-08,984cc80a2de439a0aba6eacffeccd706e16f20704ddd0a88bd8e3cb0a2aeefa0,d6e111ac768d0c62313076aa92b11e7ea83fa533249f45d419108768db799be7,c9652d9c07677175724210bfd8a98ca80ff6d4408b0071d6e1b7dfa0ef90cbf5,2209bd2ca3c1ad02c0e542d1a9d63ecf90fdfa49120ad9cc3af599a5b4bc1f0e,
20260824_phase1_gpu_v3_float64_history,output\phase1_gpu\20260824_phase1_gpu_v3_float64_history\stateless_results\square__pairing_s1\square__sc__float64_recovery__from_20260823_phase1_gpu_v2__pairing_s1\20260824T225005_362002_984cc80a2de4\state.h5,cf455cdb546423b1e541e4a5c2b62cca00671fc56dfe1454922838c786a7b3b9,52b2347fd4d51be2c4108d20d44e328b8277ac0cb2f1897ae132ca104a1f8249,fixed_point,True,1,5,square,64,1.1,-0.2,200,sc,6,0.9375000000458698,0.9375,1.0879354572618785,-0.8078517305656873,nan,4.990333009617966e-11,0,nan,1e-08,984cc80a2de439a0aba6eacffeccd706e16f20704ddd0a88bd8e3cb0a2aeefa0,d6e111ac768d0c62313076aa92b11e7ea83fa533249f45d419108768db799be7,c9652d9c07677175724210bfd8a98ca80ff6d4408b0071d6e1b7dfa0ef90cbf5,2209bd2ca3c1ad02c0e542d1a9d63ecf90fdfa49120ad9cc3af599a5b4bc1f0e,
20260824_phase1_gpu_v3_float64_history,output\phase1_gpu\20260824_phase1_gpu_v3_float64_history\stateless_results\square__sdw_s1\square__sdw__float64_recovery__from_20260823_phase1_gpu_v2__sdw_s1\20260824T225220_2004751_984cc80a2de4\state.h5,69ea74ecb528e4b785d2a9bae07f5a3af4a6984b3b896963d6d7587afd3c2ffb,e75b170f8e1400401c0551dbe9b7aeba4c72ea7bdb99e2011078478e3a45775e,fixed_point,True,1,5,square,64,1.1,-0.2,200,sdw,22,0.9375000001508587,0.9375,1.0897380614818628,-0.8078435640335846,nan,1.6439642250558782e-10,0,nan,1e-08,984cc80a2de439a0aba6eacffeccd706e16f20704ddd0a88bd8e3cb0a2aeefa0,d6e111ac768d0c62313076aa92b11e7ea83fa533249f45d419108768db799be7,c9652d9c07677175724210bfd8a98ca80ff6d4408b0071d6e1b7dfa0ef90cbf5,2209bd2ca3c1ad02c0e542d1a9d63ecf90fdfa49120ad9cc3af599a5b4bc1f0e,
20260824_phase1_gpu_v3_float64_history,output\phase1_gpu\20260824_phase1_gpu_v3_float64_history\stateless_results\unfrustrated__cdw_s1\cubic_unfrustrated__cdw__float64_recovery__from_20260823_phase1_gpu_v2__cdw_s1\20260824T224742_2001484_013e4e92dfc6\state.h5,b859eb4bc6b7937d064be771d25c9c24c666e5bdbba8ca7fa5a6edda7688ec4f,0d3421dcef660b3042eaa1106ce64d659c1be278a0c8d56a0356db819ea64a65,fixed_point,True,1,5,cubic_unfrustrated,64,1.1,-0.2,200,cdw,4,0.9375000000030168,0.9375,0.9324108854070197,-0.8157424264118576,nan,2.8129055739306512e-12,0,nan,1e-08,013e4e92dfc606761176ac1a5aa8a369ce0338a6d3751b52bd0ac720955bea5d,d6e111ac768d0c62313076aa92b11e7ea83fa533249f45d419108768db799be7,c9652d9c07677175724210bfd8a98ca80ff6d4408b0071d6e1b7dfa0ef90cbf5,2209bd2ca3c1ad02c0e542d1a9d63ecf90fdfa49120ad9cc3af599a5b4bc1f0e,
20260824_phase1_gpu_v3_float64_history,output\phase1_gpu\20260824_phase1_gpu_v3_float64_history\stateless_results\unfrustrated__pairing_s1\cubic_unfrustrated__sc__float64_recovery__from_20260823_phase1_gpu_v2__pairing_s1\20260824T224642_2225057_013e4e92dfc6\state.h5,30893a31ed5e8c37d33d87d16632e7ea56ba24cbab752a96856ede113c07993a,ed6381ea7c3e2e654e1600566c827729d1bde894fa4f9a708543dc6627ac6df4,periodic_candidate,False,2,5,cubic_unfrustrated,64,1.1,-0.2,200,sc,49,0.9375609686019192,0.9375,1.008568319434172,-0.8113554591994919,nan,6.149100037587411e-05,0,nan,1e-08,013e4e92dfc606761176ac1a5aa8a369ce0338a6d3751b52bd0ac720955bea5d,d6e111ac768d0c62313076aa92b11e7ea83fa533249f45d419108768db799be7,c9652d9c07677175724210bfd8a98ca80ff6d4408b0071d6e1b7dfa0ef90cbf5,2209bd2ca3c1ad02c0e542d1a9d63ecf90fdfa49120ad9cc3af599a5b4bc1f0e,
20260824_phase1_gpu_v3_float64_history,output\phase1_gpu\20260824_phase1_gpu_v3_float64_history\stateless_results\unfrustrated__sdw_s1\cubic_unfrustrated__sdw__float64_recovery__from_20260823_phase1_gpu_v2__sdw_s1\20260824T233216_248959_013e4e92dfc6\state.h5,cace14c2c9977805e1b1ffef3bd4a0e36fe725b81bbd1edf6556d99830c8a898,28d58d186c046d383b3ec3a4be410b2862d34536aa762cec953e345f8ff47501,fixed_point,True,1,5,cubic_unfrustrated,64,1.1,-0.2,200,sdw,4,0.9375000000024927,0.9375,0.8062607324215562,-0.8157399841872033,nan,2.009744144918366e-12,0,nan,1e-08,013e4e92dfc606761176ac1a5aa8a369ce0338a6d3751b52bd0ac720955bea5d,d6e111ac768d0c62313076aa92b11e7ea83fa533249f45d419108768db799be7,c9652d9c07677175724210bfd8a98ca80ff6d4408b0071d6e1b7dfa0ef90cbf5,2209bd2ca3c1ad02c0e542d1a9d63ecf90fdfa49120ad9cc3af599a5b4bc1f0e,
20260826_phase1_unfrustrated_pairing_recurrence_chi400,output\phase1_gpu\20260826_phase1_unfrustrated_pairing_recurrence_chi400\results\unfrustrated__pairing_s1_phase001_chi400\cubic_unfrustrated__sc__orbit_phase_parent__from_20260824_phase1_gpu_v3_float64_history_phase001__pairing_s1_phase001\20260826T192032_584816_013e4e92dfc6\state.h5,ce2d4faadcb465b15b18d6b828ecea56d3816f00549a379d51b960ec91a779d6,b03fd467c1d9da72019a2963e1b5cb12a29f5e74ce0493ff3bf9fd6a6b8727ad,periodic_candidate,False,2,5,cubic_unfrustrated,64,1.1,-0.2,400,sc,21,0.9375700196833694,0.9375,1.008519825289937,-0.8113558627515242,nan,7.061623883855729e-05,0,nan,1e-09,013e4e92dfc606761176ac1a5aa8a369ce0338a6d3751b52bd0ac720955bea5d,e62d012406f9bf41ebbf5180007a8846a3232d46f0ae667699db7497ef74e8d6,9e34457163a06cad341f06f1c1f9c7933cd9ce8d59d859bf74ea525b3ea028a3,2209bd2ca3c1ad02c0e542d1a9d63ecf90fdfa49120ad9cc3af599a5b4bc1f0e,
20260826_phase1_unfrustrated_pairing_recurrence_chi400,output\phase1_gpu\20260826_phase1_unfrustrated_pairing_recurrence_chi400\results\unfrustrated__pairing_s1_phase002_chi400\cubic_unfrustrated__sc__orbit_phase_parent__from_20260824_phase1_gpu_v3_float64_history_phase002__pairing_s1_phase002\20260826T192032_584954_013e4e92dfc6\state.h5,1b3dead6d8f0b1293948bc44a5a94146d2b48f02d1df9320e7f0e92483f76601,a06e5d5dfa4c0eaf10f74546e0d029096e04b25bba709c963696e478f7167848,periodic_candidate,False,2,5,cubic_unfrustrated,64,1.1,-0.2,400,sc,21,0.937588987879409,0.9375,1.0085222094021429,-0.8113367688293993,nan,8.974625275160681e-05,0,nan,1e-09,013e4e92dfc606761176ac1a5aa8a369ce0338a6d3751b52bd0ac720955bea5d,e62d012406f9bf41ebbf5180007a8846a3232d46f0ae667699db7497ef74e8d6,9e34457163a06cad341f06f1c1f9c7933cd9ce8d59d859bf74ea525b3ea028a3,2209bd2ca3c1ad02c0e542d1a9d63ecf90fdfa49120ad9cc3af599a5b4bc1f0e,
20260826_phase1_unfrustrated_pairing_recurrence_chi400,output\phase1_gpu\20260826_phase1_unfrustrated_pairing_recurrence_chi400\results\unfrustrated__pairing_s2_chi400\cubic_unfrustrated__sc__independent_seed__none__pairing_s2\20260826T204213_517615_013e4e92dfc6\state.h5,baef994ff6c650ce616b59f98180b88836bd13696469125461b7114797ff2755,db7b6b6df0286ef93706b8dd72fda7fd68b147fe634c54b09684d7c16229775e,time_limit,False,0,5,cubic_unfrustrated,64,1.1,-0.2,400,sc,9,0.9413900014422898,0.9375,1.0400209516185526,-0.7886070914647464,nan,0.004045683001807771,0,nan,1e-09,013e4e92dfc606761176ac1a5aa8a369ce0338a6d3751b52bd0ac720955bea5d,e62d012406f9bf41ebbf5180007a8846a3232d46f0ae667699db7497ef74e8d6,9e34457163a06cad341f06f1c1f9c7933cd9ce8d59d859bf74ea525b3ea028a3,2209bd2ca3c1ad02c0e542d1a9d63ecf90fdfa49120ad9cc3af599a5b4bc1f0e,
20260828_phase1_unfrustrated_matched_seed_chi400,output\phase1_gpu\20260828_phase1_unfrustrated_matched_seed_chi400\results\unfrustrated__cdw_matched_m011_chi400\cubic_unfrustrated__cdw__matched_mode_independent_seed__none__matched_cdw_m011\20260829T131804_1343288_013e4e92dfc6\state.h5,61cc2a505f7b860ce4198e2d28894240a2fce1017b607306ac65336ee1c3a953,d7eb6f322cbfc0e35089a0061d165498aba91099b7ee7fbda3c9f28a9e346fa7,time_limit,False,0,5,cubic_unfrustrated,64,1.1,-0.2,400,cdw,12,0.9459600020884953,0.9375,0.7974299718626573,-0.802471165842223,nan,0.00674625922738682,0,nan,1e-09,013e4e92dfc606761176ac1a5aa8a369ce0338a6d3751b52bd0ac720955bea5d,e62d012406f9bf41ebbf5180007a8846a3232d46f0ae667699db7497ef74e8d6,1d75bb1735b97a123b6c2d0a21861615c08c367a602d9c0a81d27c40e917b89e,2209bd2ca3c1ad02c0e542d1a9d63ecf90fdfa49120ad9cc3af599a5b4bc1f0e,
20260828_phase1_unfrustrated_matched_seed_chi400,output\phase1_gpu\20260828_phase1_unfrustrated_matched_seed_chi400\results\unfrustrated__pairing_matched_m000_chi400\cubic_unfrustrated__sc__matched_mode_independent_seed__none__matched_pairing_m000\20260829T113509_1320393_013e4e92dfc6\state.h5,5a157bb4b43c0868efeb052ea4c275afe4cd5ff3f454b7173decbe463489ebb8,20ee38faf769ef6447482fa9c83ea69be4a0cd9fff7c052ea6956a954b5f7f2d,time_limit,False,0,5,cubic_unfrustrated,64,1.1,-0.2,400,sc,12,0.9641514491766211,0.9375,1.0254061313314728,-0.7819161750121456,nan,0.02732855939457641,0,nan,1e-09,013e4e92dfc606761176ac1a5aa8a369ce0338a6d3751b52bd0ac720955bea5d,e62d012406f9bf41ebbf5180007a8846a3232d46f0ae667699db7497ef74e8d6,1d75bb1735b97a123b6c2d0a21861615c08c367a602d9c0a81d27c40e917b89e,2209bd2ca3c1ad02c0e542d1a9d63ecf90fdfa49120ad9cc3af599a5b4bc1f0e,
20260828_phase1_unfrustrated_matched_seed_chi400,output\phase1_gpu\20260828_phase1_unfrustrated_matched_seed_chi400\results\unfrustrated__sdw_matched_m058_chi400\cubic_unfrustrated__sdw__matched_mode_independent_seed__none__matched_sdw_m058\20260829T120016_1339690_013e4e92dfc6\state.h5,3deb8335bbf133c43e989dfc74d3903c40e500d00689bcbbb4cab52ea3c96a1c,a89c6752df443ae1d095e93d52b3208deac370ff54e5dc199c70de4ee678768d,time_limit,False,0,5,cubic_unfrustrated,64,1.1,-0.2,400,sdw,9,0.9377242561054877,0.9375,1.0073050027429993,-0.8133695412042701,nan,0.00022589429695342995,0,nan,1e-09,013e4e92dfc606761176ac1a5aa8a369ce0338a6d3751b52bd0ac720955bea5d,e62d012406f9bf41ebbf5180007a8846a3232d46f0ae667699db7497ef74e8d6,1d75bb1735b97a123b6c2d0a21861615c08c367a602d9c0a81d27c40e917b89e,2209bd2ca3c1ad02c0e542d1a9d63ecf90fdfa49120ad9cc3af599a5b4bc1f0e,
20260830_phase1_square_t014_vm04_seed_chi200_loose,output\phase1_gpu\20260830_phase1_square_t014_vm04_seed_chi200_loose\results\square__legacy_pairing_mixed_chi200_loose\square__legacy_pairing_control__square_targeted_mode_independent_seed_exploratory__none__targeted_legacy_pairing_m000\20260831T093334_481870_e93552440b67\state.h5,955aeaa19f392f0abc6bcc14837048b9f210ba70669e67bf50d3810d681d1f2b,85e382b20326e079a70711405f09f3e9fd824cc622835e99c2b7e702046b900d,fixed_point,True,1,5,square,64,1.4,-0.4,200,legacy_pairing_control,6,0.9370040602176428,0.9375,0.5469528646448335,-1.1676760779543562,nan,0.0002712556846515948,0,nan,1e-06,e93552440b67e1070d005f2b5ed7307fe8a0cc97b707b76916dce39aa0bc0482,15a04c35cd48f193ecf95e305cd8cff5bb014030a9cbe27148c36836b730c6ce,e56feef54bf8bf619f2d531af4e474c5532404ca49d2532aa606011f44242ca5,2209bd2ca3c1ad02c0e542d1a9d63ecf90fdfa49120ad9cc3af599a5b4bc1f0e,
20260830_phase1_square_t014_vm04_seed_chi200_loose,output\phase1_gpu\20260830_phase1_square_t014_vm04_seed_chi200_loose\results\square__pairing_dwave_m000_chi200_loose\square__pairing_control__square_targeted_mode_independent_seed_exploratory__none__targeted_pairing_m000\20260831T090951_447252_e93552440b67\state.h5,8a1cf2d64d2fbe0eb59521192b829cab43e19a4d7ac026519ea847f6ac0778b8,53a5eb40522e54a988b62bcb586e999a3d91663400211f0240b114232f1e273b,fixed_point,True,1,5,square,64,1.4,-0.4,200,pairing_control,6,0.9370496239578461,0.9375,0.5469796083774205,-1.1676511749468523,nan,0.00024634651115992465,0,nan,1e-06,e93552440b67e1070d005f2b5ed7307fe8a0cc97b707b76916dce39aa0bc0482,15a04c35cd48f193ecf95e305cd8cff5bb014030a9cbe27148c36836b730c6ce,e56feef54bf8bf619f2d531af4e474c5532404ca49d2532aa606011f44242ca5,2209bd2ca3c1ad02c0e542d1a9d63ecf90fdfa49120ad9cc3af599a5b4bc1f0e,
20260830_phase1_square_t014_vm04_seed_chi200_loose,output\phase1_gpu\20260830_phase1_square_t014_vm04_seed_chi200_loose\results\square__stripe_m004_chi200_loose\square__stripe_control__square_targeted_mode_independent_seed_exploratory__none__targeted_stripe_m004\20260831T115229_142366_e93552440b67\state.h5,621dc1728d031f1af1cf336635176f031abf40b064e3a57875f337c1a06b1ffb,148f36dd18c060e6fe07bc9efff4e23b0c95d3d48d0ca0e6dabab735df916611,fixed_point,True,1,5,square,64,1.4,-0.4,200,stripe_control,6,0.937004208470875,0.9375,0.5469528298741567,-1.1676759953753355,nan,0.00027117457988257864,0,nan,1e-06,e93552440b67e1070d005f2b5ed7307fe8a0cc97b707b76916dce39aa0bc0482,15a04c35cd48f193ecf95e305cd8cff5bb014030a9cbe27148c36836b730c6ce,e56feef54bf8bf619f2d531af4e474c5532404ca49d2532aa606011f44242ca5,2209bd2ca3c1ad02c0e542d1a9d63ecf90fdfa49120ad9cc3af599a5b4bc1f0e,
20260830_phase1_square_t014_vm04_seed_chi200_loose,output\phase1_gpu\20260830_phase1_square_t014_vm04_seed_chi200_loose\results\square__stripe_m005_chi200_loose\square__stripe_control__square_targeted_mode_independent_seed_exploratory__none__targeted_stripe_m005\20260831T120914_1790056_e93552440b67\state.h5,2438a524dae6df758975fb6aee0d2694400d4756db7240b83d45191b3d9e7c13,f6e4b47c8d0bf830ff8d66820f970b91424d5962162df540a04c364a575a304b,fixed_point,True,1,5,square,64,1.4,-0.4,200,stripe_control,6,0.9370223213596387,0.9375,0.5469635434885702,-1.1676660931048415,nan,0.00026127280178081953,0,nan,1e-06,e93552440b67e1070d005f2b5ed7307fe8a0cc97b707b76916dce39aa0bc0482,15a04c35cd48f193ecf95e305cd8cff5bb014030a9cbe27148c36836b730c6ce,e56feef54bf8bf619f2d531af4e474c5532404ca49d2532aa606011f44242ca5,2209bd2ca3c1ad02c0e542d1a9d63ecf90fdfa49120ad9cc3af599a5b4bc1f0e,
20260830_phase1_square_t014_vm04_seed_chi200_loose,output\phase1_gpu\20260830_phase1_square_t014_vm04_seed_chi200_loose\results\square__stripe_pairing_m004_chi200_loose\square__coexistence__square_targeted_mode_independent_seed_exploratory__none__targeted_stripe_pairing_m004\20260831T123529_1798204_e93552440b67\state.h5,65fe7257bc8ffd5550b9e8b5ca320dffa31a11ca769616f9bbf66eb9223a59f4,ecdd96b32f0224b452ffb861b662dce1ae7950eedf8c2d41b1f3d18691164965,fixed_point,True,1,5,square,64,1.4,-0.4,200,coexistence,6,0.9370397369370711,0.9375,0.5469738082913403,-1.1676565818575184,nan,0.0002517518403460576,0,nan,1e-06,e93552440b67e1070d005f2b5ed7307fe8a0cc97b707b76916dce39aa0bc0482,15a04c35cd48f193ecf95e305cd8cff5bb014030a9cbe27148c36836b730c6ce,e56feef54bf8bf619f2d531af4e474c5532404ca49d2532aa606011f44242ca5,2209bd2ca3c1ad02c0e542d1a9d63ecf90fdfa49120ad9cc3af599a5b4bc1f0e,
20260830_phase1_square_t014_vm04_seed_chi200_loose,output\phase1_gpu\20260830_phase1_square_t014_vm04_seed_chi200_loose\results\square__stripe_pairing_m005_chi200_loose\square__coexistence__square_targeted_mode_independent_seed_exploratory__none__targeted_stripe_pairing_m005\20260831T140748_1937176_e93552440b67\state.h5,ab952d301e0f0c5c64c66ed6c3d02280c8d6ef904bda338f3b0c44b4aec49ca8,f49b31217c2d34c0b72f8f6fceb9c441c26cd325ca8f2e162a8a996c62d68315,fixed_point,True,1,5,square,64,1.4,-0.4,200,coexistence,6,0.9370493457814897,0.9375,0.546979478459714,-1.1676513255899221,nan,0.00024649860940644246,0,nan,1e-06,e93552440b67e1070d005f2b5ed7307fe8a0cc97b707b76916dce39aa0bc0482,15a04c35cd48f193ecf95e305cd8cff5bb014030a9cbe27148c36836b730c6ce,e56feef54bf8bf619f2d531af4e474c5532404ca49d2532aa606011f44242ca5,2209bd2ca3c1ad02c0e542d1a9d63ecf90fdfa49120ad9cc3af599a5b4bc1f0e,
20260831_phase1_square_t014_vm04_chi200_tight5,output\phase1_gpu\20260831_phase1_square_t014_vm04_chi200_tight5\results\square__legacy_pairing_mixed_chi200_tight5\square__legacy_pairing_control__square_accepted_parent_tight_five_update_probe__from_20260830_phase1_square_t014_vm04_seed_chi200_loose__targeted_legacy_pairing_m000\20260901T085905_2066116_e93552440b67\state.h5,4a9b6a0d9b6f073376e96163a3d38620c3314851b1757f34e69b92c9eccb44f7,4eb01300b394bb7dd883fc6fe1469ccfe5cb5500db79cf74ea43af63f5aecdea,maximum_iterations,False,0,5,square,64,1.4,-0.4,200,legacy_pairing_control,5,0.9374224897809691,0.9375,0.5472062520831154,-1.1674472086890648,nan,4.241407645404419e-05,0,nan,1e-09,e93552440b67e1070d005f2b5ed7307fe8a0cc97b707b76916dce39aa0bc0482,7e18eff4a7d722ff9a8980e78981cd1608f5add7cfe0e0eef3fce553972a63b0,3f221accb50cf291be1a75191caf82fc3cb29594a219f2a89f2c1aebc2892271,2209bd2ca3c1ad02c0e542d1a9d63ecf90fdfa49120ad9cc3af599a5b4bc1f0e,
20260831_phase1_square_t014_vm04_chi200_tight5,output\phase1_gpu\20260831_phase1_square_t014_vm04_chi200_tight5\results\square__pairing_dwave_m000_chi200_tight5\square__pairing_control__square_accepted_parent_tight_five_update_probe__from_20260830_phase1_square_t014_vm04_seed_chi200_loose__targeted_pairing_m000\20260901T085905_2066118_e93552440b67\state.h5,d41d4095b5c008c53aaa72595f0e3e5a33a7ae3e5822c8a0273f5f8063762950,131b35b4fc49deebe5f1960c3da9112d4b732410f3b54b19fae04d83386aa11f,maximum_iterations,False,0,5,square,64,1.4,-0.4,200,pairing_control,5,0.9374364622092611,0.9375,0.5472144204782268,-1.1674395637938146,nan,3.4768795337635225e-05,0,nan,1e-09,e93552440b67e1070d005f2b5ed7307fe8a0cc97b707b76916dce39aa0bc0482,7e18eff4a7d722ff9a8980e78981cd1608f5add7cfe0e0eef3fce553972a63b0,3f221accb50cf291be1a75191caf82fc3cb29594a219f2a89f2c1aebc2892271,2209bd2ca3c1ad02c0e542d1a9d63ecf90fdfa49120ad9cc3af599a5b4bc1f0e,
20260831_phase1_square_t014_vm04_chi200_tight5,output\phase1_gpu\20260831_phase1_square_t014_vm04_chi200_tight5\results\square__stripe_m004_chi200_tight5\square__stripe_control__square_accepted_parent_tight_five_update_probe__from_20260830_phase1_square_t014_vm04_seed_chi200_loose__targeted_stripe_m004\20260901T111122_866066_e93552440b67\state.h5,4a9ccc9fcb7f899a90e186ecb6d46ed961d1b9bcd5680341ed95ab2607c907b5,5767bc529676aaa1fa495b6a585178c0156f6398431f8ca1c3786c4fac46c357,maximum_iterations,False,0,5,square,64,1.4,-0.4,200,stripe_control,5,0.9374223750378307,0.9375,0.5472061811517337,-1.167447271307953,nan,4.2476859110733736e-05,0,nan,1e-09,e93552440b67e1070d005f2b5ed7307fe8a0cc97b707b76916dce39aa0bc0482,7e18eff4a7d722ff9a8980e78981cd1608f5add7cfe0e0eef3fce553972a63b0,3f221accb50cf291be1a75191caf82fc3cb29594a219f2a89f2c1aebc2892271,2209bd2ca3c1ad02c0e542d1a9d63ecf90fdfa49120ad9cc3af599a5b4bc1f0e,
20260831_phase1_square_t014_vm04_chi200_tight5,output\phase1_gpu\20260831_phase1_square_t014_vm04_chi200_tight5\results\square__stripe_m005_chi200_tight5\square__stripe_control__square_accepted_parent_tight_five_update_probe__from_20260830_phase1_square_t014_vm04_seed_chi200_loose__targeted_stripe_m005\20260901T111122_866433_e93552440b67\state.h5,37110839ed1087f84a189a9d8d9a168ca6b234ab50ad813382f345ddcbf97481,c493a544ba3c3a82dacfa325dc63030320a7a2aaea27638dc262acd24fd951e7,maximum_iterations,False,0,5,square,64,1.4,-0.4,200,stripe_control,5,0.9374327473754532,0.9375,0.5472122353179137,-1.1674415961984073,nan,3.680145900923182e-05,0,nan,1e-09,e93552440b67e1070d005f2b5ed7307fe8a0cc97b707b76916dce39aa0bc0482,7e18eff4a7d722ff9a8980e78981cd1608f5add7cfe0e0eef3fce553972a63b0,3f221accb50cf291be1a75191caf82fc3cb29594a219f2a89f2c1aebc2892271,2209bd2ca3c1ad02c0e542d1a9d63ecf90fdfa49120ad9cc3af599a5b4bc1f0e,
20260831_phase1_square_t014_vm04_chi200_tight5,output\phase1_gpu\20260831_phase1_square_t014_vm04_chi200_tight5\results\square__stripe_pairing_m004_chi200_tight5\square__coexistence__square_accepted_parent_tight_five_update_probe__from_20260830_phase1_square_t014_vm04_seed_chi200_loose__targeted_stripe_pairing_m004\20260901T113915_877843_e93552440b67\state.h5,02403603ed51b7442cbd517f0b843f7c31034527cc4740c72c6a5dc8b4e6b80b,1e00d7906f0f16ab1d5f2b9b9d603e7795ea2ce9fe49cd0b337d1f2d17950a39,maximum_iterations,False,0,5,square,64,1.4,-0.4,200,coexistence,5,0.9374349958540068,0.9375,0.5472135562548073,-1.1674403661130233,nan,3.5571149900244095e-05,0,nan,1e-09,e93552440b67e1070d005f2b5ed7307fe8a0cc97b707b76916dce39aa0bc0482,7e18eff4a7d722ff9a8980e78981cd1608f5add7cfe0e0eef3fce553972a63b0,3f221accb50cf291be1a75191caf82fc3cb29594a219f2a89f2c1aebc2892271,2209bd2ca3c1ad02c0e542d1a9d63ecf90fdfa49120ad9cc3af599a5b4bc1f0e,
20260831_phase1_square_t014_vm04_chi200_tight5,output\phase1_gpu\20260831_phase1_square_t014_vm04_chi200_tight5\results\square__stripe_pairing_m005_chi200_tight5\square__coexistence__square_accepted_parent_tight_five_update_probe__from_20260830_phase1_square_t014_vm04_seed_chi200_loose__targeted_stripe_pairing_m005\20260901T114159_878684_e93552440b67\state.h5,f6372bc754ea9262616bcdfd0785909ede7f585b5e4cdaf946e9c114d3ec8e97,2f03ca25654df34a34774be2a9a3acb686020693adc5f1eef8cac5f657bdc236,maximum_iterations,False,0,5,square,64,1.4,-0.4,200,coexistence,5,0.9374364803594231,0.9375,0.5472144394207096,-1.167439553954235,nan,3.4758864510513376e-05,0,nan,1e-09,e93552440b67e1070d005f2b5ed7307fe8a0cc97b707b76916dce39aa0bc0482,7e18eff4a7d722ff9a8980e78981cd1608f5add7cfe0e0eef3fce553972a63b0,3f221accb50cf291be1a75191caf82fc3cb29594a219f2a89f2c1aebc2892271,2209bd2ca3c1ad02c0e542d1a9d63ecf90fdfa49120ad9cc3af599a5b4bc1f0e,
20260902_phase1_square_t014_v000_seed_chi200_loose_cuda130,output\phase1_gpu\20260902_phase1_square_t014_v000_seed_chi200_loose_cuda130\results\square__legacy_pairing_mixed_chi200_loose\square__legacy_pairing_control__square_targeted_mode_independent_seed_exploratory__none__targeted_legacy_pairing_m000\20260902T234004_396550_75954fd2eaab\state.h5,b26694b3c8e6414ba4f5b7132cdbd1fd39fbca58e845b430972f7a44de9be26d,b1c972a8b04b39b262e90c1585a943b145cf40d226a8e3e4b52a39b1fbbae86c,fixed_point,True,1,7,square,64,1.4,0.0,200,legacy_pairing_control,6,0.9369943136211554,0.9375,1.6561494895020628,-0.6617013454782417,-0.6608638532400701,0.0008374922381716766,8,6.452347633967292e-07,1e-06,75954fd2eaab2a31d55e0473a3afdad2f22e025c2ab3e212eaa3b4bdfd889123,e4fc8b9ad0510b723fa22dcddcd3b76b41c0a2dcc3f4a84577ad4489e46059f4,4b7a786de4e494d8b77ac5196ae9781b1b8cababf2846f8d6602f04de4550b54,2209bd2ca3c1ad02c0e542d1a9d63ecf90fdfa49120ad9cc3af599a5b4bc1f0e,0.00022676279620667116
20260902_phase1_square_t014_v000_seed_chi200_loose_cuda130,output\phase1_gpu\20260902_phase1_square_t014_v000_seed_chi200_loose_cuda130\results\square__pairing_dwave_m000_chi200_loose\square__pairing_control__square_targeted_mode_independent_seed_exploratory__none__targeted_pairing_m000\20260902T230658_727249_75954fd2eaab\state.h5,09136f2860547305573031383fd85ce51e49e6719c4d8cb2a35f4a25def4e4d2,195e6b6f7ace261a7a444320ec8151bb05bc79576bb17116c5ab90f81cae9e54,fixed_point,True,1,7,square,64,1.4,0.0,200,pairing_control,6,0.9369659081670536,0.9375,1.6561250528242446,-0.6617484048558462,-0.6608638819907947,0.0008845228650513425,8,7.428586741298204e-07,1e-06,75954fd2eaab2a31d55e0473a3afdad2f22e025c2ab3e212eaa3b4bdfd889123,e4fc8b9ad0510b723fa22dcddcd3b76b41c0a2dcc3f4a84577ad4489e46059f4,4b7a786de4e494d8b77ac5196ae9781b1b8cababf2846f8d6602f04de4550b54,2209bd2ca3c1ad02c0e542d1a9d63ecf90fdfa49120ad9cc3af599a5b4bc1f0e,0.00013484454574299543
20260902_phase1_square_t014_v000_seed_chi200_loose_cuda130,output\phase1_gpu\20260902_phase1_square_t014_v000_seed_chi200_loose_cuda130\results\square__stripe_m004_chi200_loose\square__stripe_control__square_targeted_mode_independent_seed_exploratory__none__targeted_stripe_m004\20260903T014952_181603_75954fd2eaab\state.h5,02ce3ec545f38854969426c247797481254b4b9d78110fce125ebcac2a9d9471,b491ec81f7188d44b639ba756e3523074cda151b3a8f0a8e03e9621554d1ae5d,fixed_point,True,1,7,square,64,1.4,0.0,200,stripe_control,6,0.937376977800029,0.9375,1.6564343438264353,-0.6610672458134491,-0.6608634676163643,0.00020377819708497646,9,5.868521952834271e-07,1e-06,75954fd2eaab2a31d55e0473a3afdad2f22e025c2ab3e212eaa3b4bdfd889123,e4fc8b9ad0510b723fa22dcddcd3b76b41c0a2dcc3f4a84577ad4489e46059f4,4b7a786de4e494d8b77ac5196ae9781b1b8cababf2846f8d6602f04de4550b54,2209bd2ca3c1ad02c0e542d1a9d63ecf90fdfa49120ad9cc3af599a5b4bc1f0e,0.004107951978069814
20260902_phase1_square_t014_v000_seed_chi200_loose_cuda130,output\phase1_gpu\20260902_phase1_square_t014_v000_seed_chi200_loose_cuda130\results\square__stripe_m005_chi200_loose\square__stripe_control__square_targeted_mode_independent_seed_exploratory__none__targeted_stripe_m005\20260903T022716_1694688_75954fd2eaab\state.h5,85c3704fedcd9675c1c2c21fe33d9af5dfeebb1bca97b1b204809e5aed62d819,035dd380e79f1cdadd733b0b9ca5acbb9ea17d8a2279056ce6ecdbdb689212ee,fixed_point,True,1,7,square,64,1.4,0.0,200,stripe_control,28,0.9373655185850513,0.9375,1.6564584338134285,-0.6610865469292113,-0.6608637840552285,0.00022276287398285562,9,8.123725478981214e-07,1e-06,75954fd2eaab2a31d55e0473a3afdad2f22e025c2ab3e212eaa3b4bdfd889123,e4fc8b9ad0510b723fa22dcddcd3b76b41c0a2dcc3f4a84577ad4489e46059f4,4b7a786de4e494d8b77ac5196ae9781b1b8cababf2846f8d6602f04de4550b54,2209bd2ca3c1ad02c0e542d1a9d63ecf90fdfa49120ad9cc3af599a5b4bc1f0e,0.00037213608052507724
20260902_phase1_square_t014_v000_seed_chi200_loose_cuda130,output\phase1_gpu\20260902_phase1_square_t014_v000_seed_chi200_loose_cuda130\results\square__stripe_pairing_m004_chi200_loose\square__coexistence__square_targeted_mode_independent_seed_exploratory__none__targeted_stripe_pairing_m004\20260903T041433_1712511_75954fd2eaab\state.h5,9e7e1680ad0891495df6916908d7230b7e85d065dec96ef4aace701e9d3b20c6,5c37b0667a1dd0bfedefd7963a100d5954dbdb11aafff8ea00f1f61c360dbe59,fixed_point,True,1,7,square,64,1.4,0.0,200,coexistence,25,0.9369881747512379,0.9375,1.6561238035430272,-0.6617117163319576,-0.6608640703542282,0.0008476459777293168,9,5.927282131779066e-07,1e-06,75954fd2eaab2a31d55e0473a3afdad2f22e025c2ab3e212eaa3b4bdfd889123,e4fc8b9ad0510b723fa22dcddcd3b76b41c0a2dcc3f4a84577ad4489e46059f4,4b7a786de4e494d8b77ac5196ae9781b1b8cababf2846f8d6602f04de4550b54,2209bd2ca3c1ad02c0e542d1a9d63ecf90fdfa49120ad9cc3af599a5b4bc1f0e,0.0032742599910549446
20260902_phase1_square_t014_v000_seed_chi200_loose_cuda130,output\phase1_gpu\20260902_phase1_square_t014_v000_seed_chi200_loose_cuda130\results\square__stripe_pairing_m005_chi200_loose\square__coexistence__square_targeted_mode_independent_seed_exploratory__none__targeted_stripe_pairing_m005\20260903T050833_725956_75954fd2eaab\state.h5,3879fc9f2200be41a5ef03567c6a4201d37ee7c118019837bb4dd052be6d4220,8fa4a504a0a11017b0879f55ef8913c21bebf4345930ae099e953a146462f39f,fixed_point,True,1,7,square,64,1.4,0.0,200,coexistence,25,0.9369979435079602,0.9375,1.6561357477988514,-0.6616954624989538,-0.6608639887950724,0.0008314737038816458,8,9.166453764919424e-07,1e-06,75954fd2eaab2a31d55e0473a3afdad2f22e025c2ab3e212eaa3b4bdfd889123,e4fc8b9ad0510b723fa22dcddcd3b76b41c0a2dcc3f4a84577ad4489e46059f4,4b7a786de4e494d8b77ac5196ae9781b1b8cababf2846f8d6602f04de4550b54,2209bd2ca3c1ad02c0e542d1a9d63ecf90fdfa49120ad9cc3af599a5b4bc1f0e,0.0028254312596416114
20260903_phase1_square_t014_v000_legacy_frozen_dmrg_chi200,output\phase1_gpu\20260903_phase1_square_t014_v000_legacy_frozen_dmrg_chi200\results\square__legacy_terminal_fields_frozen_dmrg_chi200\square__legacy_frozen_energy__legacy_terminal_fields_single_frozen_dmrg__from_legacy_terminal_fields__exact_legacy_terminal_fields\20260903T090543_55150_75954fd2eaab\state.h5,318eb2a97fb3bf7e250ba59e1e3ebab09de45e07867fa605e02a235a03d5774a,137a8dd2251a76a4900907b3969e337a30e8342afeac9dbba4196cb17e8079ef,frozen_field_evaluation,False,0,7,square,64,1.4,0.0,200,legacy_frozen_energy,1,0.9375000004845666,0.9375,1.6386343177665492,-0.6611289941113437,-0.6611289949053714,7.940274748499196e-10,11,9.308761264037457e-07,1e-06,75954fd2eaab2a31d55e0473a3afdad2f22e025c2ab3e212eaa3b4bdfd889123,e4fc8b9ad0510b723fa22dcddcd3b76b41c0a2dcc3f4a84577ad4489e46059f4,4b7a786de4e494d8b77ac5196ae9781b1b8cababf2846f8d6602f04de4550b54,2209bd2ca3c1ad02c0e542d1a9d63ecf90fdfa49120ad9cc3af599a5b4bc1f0e,inf
RUN_ID,output\phase1_gpu\RUN_ID\results\frustrated__cdw_s1\cubic_frustrated__cdw__independent_seed__none__cdw_s1\20260825T230615_2329131_a1e2dc4ccbe2\state.h5,ad6dc28edf8b7b60f20b4c0571a3a328b301051607235465d0cdc2e1aaf4230c,877a1cd337f4c36e520a161024168dd1109fa5d4743144dce87f68165b5b2695,fixed_point,True,1,5,cubic_frustrated,64,1.1,-0.2,200,cdw,32,0.9373670001486827,0.9375,1.037885587214471,-0.792645636388198,nan,0.00013803862878391084,0,nan,1e-08,a1e2dc4ccbe263d1060678eb0a51f20cabec9b02d7b7fcba7a23fa9af7e215bc,d6e111ac768d0c62313076aa92b11e7ea83fa533249f45d419108768db799be7,d6d26713cc5678ebbc025e634fac192ea9e572c8c71971048d88ccc20e126f72,2209bd2ca3c1ad02c0e542d1a9d63ecf90fdfa49120ad9cc3af599a5b4bc1f0e,
RUN_ID,output\phase1_gpu\RUN_ID\results\frustrated__pairing_s1\cubic_frustrated__sc__independent_seed__none__pairing_s1\20260825T225559_2325208_a1e2dc4ccbe2\state.h5,83e905999133e8c47347df2d69634e9b557275c76c8f664157060a9c848aac58,5e4ab0df375843e72742b67aee1d7ecc23d3f916711c675a3b6ee16ac5344535,fixed_point,True,1,5,cubic_frustrated,64,1.1,-0.2,200,sc,31,0.937382182434862,0.9375,1.0379080803677896,-0.7926298780560622,nan,0.00012228380286594343,0,nan,1e-08,a1e2dc4ccbe263d1060678eb0a51f20cabec9b02d7b7fcba7a23fa9af7e215bc,d6e111ac768d0c62313076aa92b11e7ea83fa533249f45d419108768db799be7,d6d26713cc5678ebbc025e634fac192ea9e572c8c71971048d88ccc20e126f72,2209bd2ca3c1ad02c0e542d1a9d63ecf90fdfa49120ad9cc3af599a5b4bc1f0e,
RUN_ID,output\phase1_gpu\RUN_ID\results\frustrated__sdw_s1\cubic_frustrated__sdw__independent_seed__none__sdw_s1\20260825T230350_2327318_a1e2dc4ccbe2\state.h5,0b2666a73c8873224d4d58d4a3dd0fb73f865bd067375696c8cd928607e4fe4a,5c0882859e51e7cb66908310bb693cc826815675ef0b39ea02847de485c91af3,fixed_point,True,1,5,cubic_frustrated,64,1.1,-0.2,200,sdw,33,0.9373634734263769,0.9375,1.0378802907046611,-0.7926492935902127,nan,0.0001416982399208166,0,nan,1e-08,a1e2dc4ccbe263d1060678eb0a51f20cabec9b02d7b7fcba7a23fa9af7e215bc,d6e111ac768d0c62313076aa92b11e7ea83fa533249f45d419108768db799be7,d6d26713cc5678ebbc025e634fac192ea9e572c8c71971048d88ccc20e126f72,2209bd2ca3c1ad02c0e542d1a9d63ecf90fdfa49120ad9cc3af599a5b4bc1f0e,
RUN_ID,output\phase1_gpu\RUN_ID\results\square__cdw_s1\square__cdw__independent_seed__none__cdw_s1\20260826T002112_621806_984cc80a2de4\state.h5,13f84051d1d3291ed512daca3c125a05c59028ae65e9a848b613da75e3ae597d,27b96ffba5a566e5f17e0f590c3a02c4b3ff460fb14954e3b6a83fdd9c39f880,fixed_point,True,1,5,square,64,1.1,-0.2,200,cdw,38,0.9375000151865702,0.9375,1.081885366015232,-0.8073907819445538,nan,1.6430128084865703e-08,0,nan,1e-08,984cc80a2de439a0aba6eacffeccd706e16f20704ddd0a88bd8e3cb0a2aeefa0,d6e111ac768d0c62313076aa92b11e7ea83fa533249f45d419108768db799be7,d6d26713cc5678ebbc025e634fac192ea9e572c8c71971048d88ccc20e126f72,2209bd2ca3c1ad02c0e542d1a9d63ecf90fdfa49120ad9cc3af599a5b4bc1f0e,
RUN_ID,output\phase1_gpu\RUN_ID\results\square__pairing_s1\square__sc__independent_seed__none__pairing_s1\20260825T234201_1569630_984cc80a2de4\state.h5,3467ca0e98e01786189cd1cdcda0f2747560ce66fb7b754ceb844d52dbebb681,37c38c5cc2f11fa563ed7404c128e4ac7c7e7c621b05ebecc70e650f646a44c3,fixed_point,True,1,5,square,64,1.1,-0.2,200,sc,35,0.9374999997792361,0.9375,1.067608165495477,-0.8073882980092946,nan,2.356892906611783e-10,0,nan,1e-08,984cc80a2de439a0aba6eacffeccd706e16f20704ddd0a88bd8e3cb0a2aeefa0,d6e111ac768d0c62313076aa92b11e7ea83fa533249f45d419108768db799be7,d6d26713cc5678ebbc025e634fac192ea9e572c8c71971048d88ccc20e126f72,2209bd2ca3c1ad02c0e542d1a9d63ecf90fdfa49120ad9cc3af599a5b4bc1f0e,
RUN_ID,output\phase1_gpu\RUN_ID\results\square__sdw_s1\square__sdw__independent_seed__none__sdw_s1\20260825T235847_56857_984cc80a2de4\state.h5,21a4a13bbe0c11c5f2fb826943d27d49f0dccca4d511d280c68179c90522407f,52a682c3d3f3a9916135f687f1a12023446c6a0e76492620929e5c04d62e8718,fixed_point,True,1,5,square,64,1.1,-0.2,200,sdw,58,0.9375000001447604,0.9375,1.0927236166456675,-0.8078505941239386,nan,1.58183136102347e-10,0,nan,1e-08,984cc80a2de439a0aba6eacffeccd706e16f20704ddd0a88bd8e3cb0a2aeefa0,d6e111ac768d0c62313076aa92b11e7ea83fa533249f45d419108768db799be7,d6d26713cc5678ebbc025e634fac192ea9e572c8c71971048d88ccc20e126f72,2209bd2ca3c1ad02c0e542d1a9d63ecf90fdfa49120ad9cc3af599a5b4bc1f0e,
RUN_ID,output\phase1_gpu\RUN_ID\results\unfrustrated__cdw_s1\cubic_unfrustrated__cdw__independent_seed__none__cdw_s1\20260825T234003_1566841_013e4e92dfc6\state.h5,76fad655fec468d8e4c5d07a029f49bdde740c7c8076568572fbcdd55ffce12e,8d47cc7b7ace66347ae881db4a0d990c0a817f1f92cb07f3a7ccdd3d060f94cd,stagnated,False,0,5,cubic_unfrustrated,64,1.1,-0.2,200,cdw,34,0.9373819098006323,0.9375,1.0066061763862841,-0.8137350581604287,nan,0.00011887032405421866,0,nan,1e-08,013e4e92dfc606761176ac1a5aa8a369ce0338a6d3751b52bd0ac720955bea5d,d6e111ac768d0c62313076aa92b11e7ea83fa533249f45d419108768db799be7,d6d26713cc5678ebbc025e634fac192ea9e572c8c71971048d88ccc20e126f72,2209bd2ca3c1ad02c0e542d1a9d63ecf90fdfa49120ad9cc3af599a5b4bc1f0e,
RUN_ID,output\phase1_gpu\RUN_ID\results\unfrustrated__pairing_s1\cubic_unfrustrated__sc__independent_seed__none__pairing_s1\20260825T232039_2331423_013e4e92dfc6\state.h5,e092170ad8ac8671e29dd489e8c9a1761fc8e8a3bfa16e2f314bfc32829f7322,f3cf3b2b7eb31431362ee577ec831224167581774673d543b1b889d324ccc9d7,fixed_point,True,1,5,cubic_unfrustrated,64,1.1,-0.2,200,sc,18,0.9375000000149369,0.9375,0.9581660344962997,-0.8157512133820086,nan,1.4312069116632315e-11,0,nan,1e-08,013e4e92dfc606761176ac1a5aa8a369ce0338a6d3751b52bd0ac720955bea5d,d6e111ac768d0c62313076aa92b11e7ea83fa533249f45d419108768db799be7,d6d26713cc5678ebbc025e634fac192ea9e572c8c71971048d88ccc20e126f72,2209bd2ca3c1ad02c0e542d1a9d63ecf90fdfa49120ad9cc3af599a5b4bc1f0e,
RUN_ID,output\phase1_gpu\RUN_ID\results\unfrustrated__sdw_s1\cubic_unfrustrated__sdw__independent_seed__none__sdw_s1\20260825T232436_2224612_013e4e92dfc6\state.h5,133062526f5cb872c5cd1dc9194b41c1692456fda906d656fe2899a88417c1d5,cb1b9c0e2c4abfec8f4c4c937506b110d857ea71b3d4dc3825b67c18ebfad6dd,fixed_point,True,1,5,cubic_unfrustrated,64,1.1,-0.2,200,sdw,39,0.9375000000021524,0.9375,0.8053911836237294,-0.8157569235488953,nan,1.7335154286383372e-12,0,nan,1e-08,013e4e92dfc606761176ac1a5aa8a369ce0338a6d3751b52bd0ac720955bea5d,d6e111ac768d0c62313076aa92b11e7ea83fa533249f45d419108768db799be7,d6d26713cc5678ebbc025e634fac192ea9e572c8c71971048d88ccc20e126f72,2209bd2ca3c1ad02c0e542d1a9d63ecf90fdfa49120ad9cc3af599a5b4bc1f0e,
